id,label
1,3.328569
2,3.417474
3,3.0174255
4,2.9327836
5,2.823126
6,2.7253273
7,2.5558596
8,2.9384327
9,2.4619482
10,2.4619482
11,2.957997
12,3.4173698
13,3.4072511
14,3.5628045
15,3.1138124
16,3.4173698
17,3.281752
18,3.380821
19,3.1138124
20,3.4072511
21,3.531488
22,3.6878984
23,2.7574534
24,3.1138124
25,3.4072511
26,2.8802912
27,3.6878984
28,2.854702
29,3.3604262
30,2.861944
31,3.4072511
32,2.636219
33,3.5628045
34,2.8979728
35,2.8257055
36,3.5569715
37,3.578194
38,3.281752
39,3.380821
40,3.329561
41,3.3604262
42,3.0057888
43,3.6878984
44,3.4072511
45,2.636219
46,3.5628045
47,2.8257055
48,3.5569715
49,3.281752
50,3.4072511
51,2.8609023
52,2.861944
53,3.4173698
54,2.845113
55,3.380821
56,3.329561
57,3.4072511
58,3.6878984
59,2.888956
60,3.0281098
61,3.275879
62,3.1434495
63,3.110798
64,3.20591
65,3.2210486
66,3.2481043
67,2.9401522
68,3.377684
69,2.7619638
70,3.2698526
71,3.1025667
72,3.0567079
73,2.9231305
74,3.4459255
75,3.1674643
76,3.255826
77,3.259713
78,2.8646889
79,3.077757
80,3.1689284
81,3.046451
82,2.8019955
83,2.6411643
84,3.117524
85,3.1486697
86,3.2752094
87,3.4331193
88,3.069916
89,2.990124
90,3.0067086
91,2.9587843
92,2.79841
93,3.4963143
94,2.8780322
95,3.2810948
96,3.3053389
97,3.2247598
98,3.1984918
99,3.023897
100,2.7086062
101,2.725203
102,3.3209164
103,2.9762182
104,3.0037715
105,3.1064599
106,3.0143197
107,2.9846425
108,3.1502466
109,2.8930259
110,3.2809613
111,3.2279124
112,3.0211024
113,2.817975
114,3.0013115
115,2.876902
116,3.1210377
117,2.958625
118,2.8385022
119,2.7094946
120,2.7693481
121,3.274601
122,2.9266953
123,2.9870327
124,2.6391957
125,2.8182402
126,3.2613065
127,3.0570624
128,2.5728273
129,3.0945513
130,2.865059
131,2.919862
132,2.7378612
133,2.9559405
134,2.6668196
135,3.0057888
136,3.0057888
137,2.6903944
138,2.957997
139,2.6668196
140,3.0057888
141,2.6903944
142,2.6903944
143,2.6668196
144,2.6903944
145,2.957997
146,3.2009428
147,3.2009428
148,3.301104
149,3.298289
150,3.2009428
151,2.813582
152,2.8989966
153,2.6153884
154,2.741832
155,2.9253292
156,2.8684335
157,3.094925
158,2.5979788
159,2.6130586
160,3.2521677
161,3.3268352
162,2.6668196
163,2.727468
164,3.298289
165,3.2597172
166,3.505179
167,2.507975
168,2.9013813
169,3.492682
170,3.0477333
171,3.7086265
172,2.4490197
173,2.8684335
174,3.2597172
175,3.149136
176,3.2047913
177,3.0898578
178,3.1107242
179,2.8748899
180,3.1941895
181,2.4490197
182,2.5748765
183,3.094925
184,2.9994628
185,3.2826786
186,3.1109164
187,2.9796114
188,3.3133671
189,2.5979788
190,2.9430208
191,2.8435016
192,3.2597172
193,3.505179
194,3.1366405
195,3.1774716
196,3.1472554
197,2.5748765
198,3.0057888
199,3.1304312
200,3.093277
201,2.994694
202,2.8642178
203,3.431776
204,3.4114792
205,3.803566
206,3.2047913
207,2.8286552
208,2.9045882
209,2.706092
210,3.7086265
211,3.138161
212,2.6766083
213,2.561544
214,2.6201835
215,2.8856387
216,2.956516
217,3.0898578
218,3.0311823
219,2.9013813
220,3.492682
221,3.5645735
222,2.8917122
223,3.2288868
224,3.3268182
225,2.9253292
226,2.9326434
227,2.723424
228,2.727468
229,3.0057888
230,3.0080068
231,2.6903944
232,2.7167547
233,3.149136
234,3.1107242
235,3.010789
236,3.0119383
237,2.6130586
238,2.8724484
239,2.8684335
240,2.9796114
241,3.2597172
242,2.7167547
243,2.4996455
244,3.0898578
245,2.7925358
246,3.1107242
247,2.8724484
248,2.9253292
249,3.0435755
250,3.492682
251,3.431776
252,3.3661675
253,3.803566
254,3.2047913
255,3.1472554
256,3.3610206
257,3.5645735
258,2.9737887
259,3.138161
260,2.9796114
261,2.8113909
262,3.2597172
263,2.4996455
264,2.8856387
265,3.0898578
266,2.9013813
267,3.1107242
268,3.010789
269,3.1941895
270,2.4490197
271,2.8684335
272,3.094925
273,2.8657303
274,3.016641
275,3.0887604
276,2.9796114
277,3.2116926
278,3.2597172
279,3.1096241
280,2.5296361
281,3.1813927
282,3.2611659
283,3.139539
284,3.431776
285,2.3869998
286,3.0057888
287,3.1023371
288,2.5296361
289,2.6201835
290,2.8856387
291,3.0898578
292,2.9013813
293,2.8113909
294,2.7333448
295,3.4578784
296,2.7167547
297,2.4996455
298,2.7523131
299,2.8688135
300,2.7925358
301,3.1107242
302,3.010789
303,2.8724484
304,2.8684335
305,2.9796114
306,2.7167547
307,3.0898578
308,3.1107242
309,3.010789
310,2.4490197
311,2.8684335
312,3.094925
313,2.7167547
314,2.8856387
315,2.6201835
316,2.9013813
317,3.1107242
318,3.1941895
319,3.149136
320,2.8657303
321,2.9796114
322,3.2690892
323,3.188702
324,2.957997
325,3.2597172
326,3.5083127
327,2.8487058
328,3.2009428
329,3.0057888
330,3.2009428
331,3.3255641
332,3.09856
333,2.6668196
334,3.139539
335,3.093277
336,3.2009428
337,3.3661675
338,3.2047913
339,3.2186513
340,2.8347325
341,3.1071966
342,3.09856
343,3.0435755
344,3.2826786
345,3.2009428
346,3.3129914
347,3.2590747
348,2.8856387
349,3.2009428
350,3.2009428
351,3.2186766
352,2.9013813
353,3.492682
354,3.5645735
355,2.8917122
356,2.7400894
357,2.9737887
358,3.2009428
359,3.2378457
360,3.0057888
361,3.2911766
362,2.8113909
363,3.09856
364,3.2009428
365,3.0057888
366,3.2009428
367,3.1107242
368,3.010789
369,2.8724484
370,2.4490197
371,2.8684335
372,3.094925
373,3.016641
374,2.9796114
375,3.2009428
376,3.2009428
377,3.298289
378,3.2009428
379,2.6201835
380,3.0898578
381,2.8113909
382,2.7167547
383,2.4996455
384,2.7523131
385,2.7925358
386,3.1107242
387,3.010789
388,2.8724484
389,3.2009428
390,3.2009428
391,2.957997
392,2.6668196
393,3.0057888
394,3.0057888
395,3.0057888
396,2.957997
397,3.2009428
398,2.6903944
399,3.0057888
400,2.6903944
401,3.2009428
402,3.2009428
403,2.957997
404,2.6903944
405,2.6668196
406,2.957997
407,3.2009428
408,2.957997
409,2.6668196
410,3.0057888
411,2.957997
412,3.2009428
413,3.2009428
414,2.957997
415,2.6668196
416,2.957997
417,2.7157934
418,2.957997
419,3.0057888
420,2.7157934
421,2.957997
422,3.0057888
423,3.0057888
424,3.0057888
425,2.957997
426,3.0905023
427,3.228613
428,3.2102556
429,3.1275222
430,2.8713186
431,3.1936462
432,3.2952945
433,3.1108096
434,3.3468685
435,3.012049
436,3.0668652
437,2.9605036
438,3.038641
439,3.2294705
440,3.2389433
441,3.051318
442,3.217243
443,3.03
444,3.049396
445,2.9845533
446,3.256696
447,3.242259
448,3.0892222
449,2.94763
450,3.1915054
451,3.5351226
452,3.1127849
453,2.8690484
454,2.9500253
455,2.6527774
456,2.7942924
457,2.914763
458,3.0206983
459,2.7697299
460,2.9368796
461,3.3203697
462,2.7597678
463,2.9858944
464,3.1597753
465,3.3447232
466,3.1156185
467,2.8624876
468,2.9261596
469,3.1127849
470,3.049396
471,3.256696
472,3.0668652
473,2.9605036
474,3.2294705
475,3.051318
476,3.049396
477,2.9845533
478,2.94763
479,3.0668652
480,3.038641
481,3.2294705
482,3.2389433
483,3.217243
484,3.03
485,3.049396
486,2.9845533
487,3.256696
488,3.242259
489,3.0892222
490,2.94763
491,3.1915054
492,3.5351226
493,3.1127849
494,2.9500253
495,2.6527774
496,2.7942924
497,2.914763
498,2.7697299
499,2.9368796
500,3.3203697
501,3.1597753
502,3.3447232
503,3.1156185
504,2.8624876
505,2.9261596
506,3.012049
507,3.0668652
508,2.9605036
509,3.038641
510,3.2294705
511,3.2389433
512,3.217243
513,3.03
514,3.049396
515,2.9845533
516,3.256696
517,3.242259
518,3.0892222
519,2.94763
520,3.1915054
521,3.5351226
522,3.1127849
523,2.9500253
524,2.6527774
525,2.7942924
526,2.914763
527,3.0206983
528,2.7697299
529,2.9368796
530,3.3203697
531,2.7597678
532,2.9858944
533,3.1597753
534,3.3447232
535,3.1156185
536,2.8624876
537,2.9261596
538,2.8440304
539,3.2235785
540,2.6484725
541,3.1360064
542,2.8336856
543,3.286448
544,3.0891771
545,2.9226706
546,2.9801168
547,3.0721927
548,2.9227245
549,2.8336856
550,3.286448
551,3.0891771
552,3.0721927
553,3.4492905
554,2.8935106
555,3.0057888
556,3.2009428
557,3.2009428
558,3.0057888
559,3.2009428
560,3.2009428
561,3.0057888
562,3.0057888
563,2.6668196
564,2.8777053
565,3.0566554
566,3.379937
567,3.237336
568,2.7540164
569,3.3607688
570,2.6360872
571,3.2610433
572,2.7933567
573,2.8995621
574,2.9878244
575,2.859875
576,3.264776
577,3.0803602
578,2.9215078
579,2.899837
580,3.168775
581,3.1060674
582,2.5296361
583,3.298289
584,3.298289
585,2.8852932
586,3.168775
587,2.888956
588,3.1655567
589,3.2009428
590,3.168775
591,2.957997
592,2.6903944
593,3.1060674
594,3.298289
595,2.8852932
596,3.298289
597,3.168775
598,2.888956
599,3.1655567
600,2.7157934
601,3.2009428
602,3.2009428
603,3.2009428
604,3.2009428
605,2.8674593
606,3.0671554
607,3.353713
608,2.571418
609,3.2597172
610,2.7130308
611,2.694747
612,2.8196468
613,3.292115
614,2.9202807
615,3.1147199
616,3.0463254
617,2.9291537
618,3.0992472
619,2.92928
620,2.8674593
621,3.353713
622,2.7507014
623,2.571418
624,3.2597172
625,2.694747
626,2.8196468
627,2.9326773
628,3.292115
629,3.0463254
630,2.92928
631,2.7495584
632,2.6111572
633,3.3408225
634,3.46736
635,2.7601755
636,3.2610433
637,2.8467422
638,3.020673
639,3.026384
640,3.3083937
641,3.1272695
642,2.9651065
643,3.1772823
644,3.2707994
645,3.080324
646,3.3602948
647,3.1081624
648,2.903895
649,2.848632
650,3.3001678
651,3.1166964
652,3.4236524
653,3.1333027
654,2.951765
655,2.7783444
656,2.6608036
657,3.3687575
658,2.8742807
659,2.9844503
660,2.8357081
661,3.3823545
662,3.0057263
663,2.9370542
664,3.0507836
665,2.9910183
666,3.1137295
667,2.890075
668,3.0373127
669,3.0057888
670,2.8411677
671,3.42446
672,3.1863713
673,3.0057888
674,2.9154434
675,3.1863713
676,3.367733
677,2.8411677
678,3.42446
679,3.342946
680,3.0411017
681,3.786737
682,3.513282
683,3.3220263
684,2.619326
685,2.9171226
686,2.9030433
687,3.3765633
688,3.4824634
689,3.183163
690,3.2791238
691,3.1497877
692,3.3930445
693,3.0943456
694,3.5794296
695,3.0526764
696,2.9678733
697,3.4718935
698,3.6735535
699,3.7318223
700,2.7460237
701,3.1289058
702,2.9343455
703,2.619326
704,2.878151
705,3.223778
706,3.4597309
707,3.3214307
708,3.513282
709,2.9110997
710,3.1535861
711,3.1385016
712,3.4106283
713,3.2222974
714,3.3765633
715,3.3370662
716,3.4262447
717,3.2009428
718,3.2009428
719,3.0057888
720,2.957997
721,3.0938163
722,3.456073
723,3.0057888
724,3.0936
725,3.2009428
726,3.21811
727,3.2009428
728,3.2891896
729,3.3843503
730,3.21811
731,2.9143088
732,3.2891896
733,3.3843503
734,2.9530218
735,2.9316425
736,3.21811
737,2.9143088
738,3.2891896
739,3.1636546
740,2.9077823
741,3.3843503
742,3.1920972
743,3.456073
744,3.3016832
745,2.9316425
746,3.0936
747,3.21811
748,3.0392315
749,2.9143088
750,3.2891896
751,3.1636546
752,3.3843503
753,2.9530218
754,3.456073
755,3.21811
756,2.6510925
757,2.8440304
758,2.949807
759,3.2235785
760,3.321062
761,2.6484725
762,3.3360758
763,3.0171585
764,3.1360064
765,2.6878111
766,3.007293
767,3.0851967
768,2.8882296
769,2.9801168
770,2.910956
771,2.6449776
772,2.9515846
773,3.1902554
774,3.3094695
775,2.5052671
776,3.3419392
777,2.4536016
778,3.2584453
779,3.2097483
780,2.5776062
781,3.293441
782,3.1121633
783,3.0660946
784,3.0501235
785,3.152027
786,2.8410358
787,3.0231915
788,3.1565075
789,2.8341143
790,2.705521
791,2.8740702
792,2.8877676
793,3.049532
794,2.9006636
795,2.6668196
796,2.957997
797,2.6668196
798,3.0057888
799,2.6903944
800,3.2009428
801,2.957997
802,2.90006
803,3.0356872
804,3.1619167
805,3.3329198
806,3.0037034
807,2.8420823
808,2.8956895
809,2.90006
810,3.283801
811,3.0356872
812,2.3989317
813,3.1619167
814,3.3329198
815,2.6567123
816,3.0037034
817,3.3769596
818,3.1499155
819,3.1923163
820,2.8326125
821,2.963418
822,3.0136094
823,3.1596818
824,2.8420823
825,2.8956895
826,2.90006
827,3.2518458
828,3.0356872
829,2.3989317
830,3.1619167
831,3.3329198
832,2.6567123
833,3.1923163
834,2.8326125
835,3.0136094
836,3.1596818
837,2.8420823
838,2.776445
839,2.5773695
840,2.8956895
841,3.283801
842,2.6567123
843,3.0037034
844,3.3769596
845,3.1596818
846,2.9296439
847,2.8420823
848,2.90006
849,3.0030153
850,3.0356872
851,2.393335
852,2.3989317
853,3.1619167
854,2.8549695
855,3.3329198
856,2.6567123
857,3.3769596
858,3.4386935
859,3.1923163
860,3.000762
861,3.0121377
862,3.3992102
863,3.0136094
864,3.489363
865,2.8420823
866,2.8956895
867,3.0356872
868,2.3989317
869,3.3329198
870,2.6567123
871,2.8326125
872,2.8057415
873,3.0356872
874,3.4032776
875,3.5394566
876,3.0037034
877,3.4255764
878,3.1078014
879,3.4386935
880,3.000762
881,3.3112106
882,3.2758436
883,3.5272021
884,3.4490964
885,2.5955837
886,3.6880014
887,3.5798326
888,3.209141
889,2.7993588
890,3.0820298
891,3.4087133
892,2.6567123
893,3.372186
894,2.776445
895,2.9369993
896,3.3992102
897,3.1925693
898,3.1596818
899,2.5661316
900,2.9444194
901,3.2538905
902,3.1673405
903,3.1686287
904,2.5773695
905,2.8420823
906,2.8956895
907,3.283801
908,3.0356872
909,2.3989317
910,3.1619167
911,3.3329198
912,3.0037034
913,3.4590974
914,2.6567123
915,3.3769596
916,3.1499155
917,2.8326125
918,2.963418
919,3.1925693
920,3.0136094
921,3.1596818
922,3.0629144
923,2.9296439
924,2.8420823
925,2.8956895
926,2.90006
927,3.283801
928,3.0356872
929,2.3989317
930,3.1619167
931,3.3329198
932,3.0037034
933,3.0280573
934,2.6567123
935,3.3769596
936,3.1499155
937,2.8326125
938,2.963418
939,3.0136094
940,3.1596818
941,2.8549695
942,3.1923163
943,2.9296439
944,2.8420823
945,3.283801
946,3.0356872
947,2.3989317
948,3.1619167
949,3.3329198
950,3.0280573
951,2.6567123
952,3.0037034
953,3.3769596
954,3.1499155
955,3.1923163
956,2.8326125
957,2.963418
958,3.0136094
959,3.1596818
960,2.9296439
961,2.8420823
962,2.8956895
963,2.90006
964,3.283801
965,3.0356872
966,2.3989317
967,3.1619167
968,3.3329198
969,3.0037034
970,3.2758436
971,3.5798326
972,3.0280573
973,2.6567123
974,3.3769596
975,3.1499155
976,2.8326125
977,2.963418
978,3.0136094
979,3.1596818
980,2.8549695
981,3.1923163
982,2.9296439
983,2.8420823
984,2.8956895
985,3.0356872
986,2.3989317
987,3.1619167
988,3.3329198
989,3.5394566
990,3.0037034
991,2.8456473
992,2.5955837
993,3.6880014
994,3.0820298
995,3.0280573
996,2.6567123
997,3.1499155
998,2.8326125
999,2.963418
1000,3.3992102
1001,3.0136094
1002,2.5661316
1003,2.8499997
1004,2.880579
1005,3.1923163
1006,2.9296439
1007,2.8420823
1008,2.90006
1009,3.0356872
1010,2.3989317
1011,3.1619167
1012,2.8549695
1013,3.3329198
1014,2.6567123
1015,3.0037034
1016,3.0136094
1017,3.1596818
1018,2.8420823
1019,2.8956895
1020,2.90006
1021,3.283801
1022,3.0356872
1023,3.1619167
1024,3.3329198
1025,3.0280573
1026,2.6567123
1027,3.0037034
1028,3.3769596
1029,3.1499155
1030,3.1923163
1031,2.963418
1032,2.8420823
1033,2.6567123
1034,2.8549695
1035,3.0356872
1036,3.0037034
1037,2.6567123
1038,2.8956895
1039,3.0356872
1040,3.0037034
1041,2.6567123
1042,2.8956895
1043,3.0356872
1044,2.8420823
1045,2.8956895
1046,3.0356872
1047,3.3329198
1048,3.0037034
1049,3.3769596
1050,3.1923163
1051,3.1499155
1052,2.963418
1053,2.9296439
1054,2.8420823
1055,2.8956895
1056,2.4430962
1057,3.283801
1058,3.0356872
1059,3.1619167
1060,2.8549695
1061,3.0280573
1062,2.6567123
1063,2.568788
1064,3.0037034
1065,2.8326125
1066,3.0136094
1067,3.1596818
1068,3.5798326
1069,2.8420823
1070,3.2518458
1071,3.4490964
1072,3.0820298
1073,2.393335
1074,2.6346488
1075,3.2538905
1076,3.4087133
1077,3.0415556
1078,2.8499997
1079,2.6567123
1080,3.6880014
1081,3.4590974
1082,3.3992102
1083,3.2009428
1084,3.5798326
1085,2.8956895
1086,2.90006
1087,3.283801
1088,3.0356872
1089,3.2009428
1090,3.0080068
1091,3.1619167
1092,2.957997
1093,2.6567123
1094,3.0037034
1095,2.957997
1096,2.821872
1097,3.2009428
1098,3.050469
1099,3.1619167
1100,3.1499155
1101,3.4386935
1102,3.0057888
1103,2.8420823
1104,3.2826786
1105,2.4430962
1106,3.0356872
1107,3.2826786
1108,2.3989317
1109,3.3329198
1110,3.0280573
1111,2.6567123
1112,3.3769596
1113,3.1923163
1114,2.8326125
1115,2.963418
1116,3.1596818
1117,2.9296439
1118,3.1060674
1119,3.2009428
1120,3.1060674
1121,2.592794
1122,3.1060674
1123,2.6903944
1124,3.0530956
1125,2.8852932
1126,2.624414
1127,3.1655567
1128,2.936515
1129,3.2158515
1130,3.335432
1131,3.2102633
1132,3.377809
1133,2.8000495
1134,3.2957978
1135,3.177145
1136,3.1747687
1137,3.0098865
1138,3.4006052
1139,3.082854
1140,3.2302473
1141,2.9967387
1142,3.312289
1143,3.0057888
1144,3.2009428
1145,3.0057888
1146,3.0057888
1147,3.2009428
1148,2.6668196
1149,2.6668196
1150,3.0057888
1151,2.6668196
1152,3.2009428
1153,2.9172583
1154,3.0593865
1155,2.9043744
1156,2.695144
1157,3.2286909
1158,3.0887034
1159,2.5137172
1160,3.3249629
1161,3.1977527
1162,3.247319
1163,3.3109064
1164,3.3361592
1165,3.0776868
1166,2.9165614
1167,3.4175625
1168,3.3201125
1169,2.8560662
1170,3.057679
1171,2.8277004
1172,3.195135
1173,3.0291288
1174,3.0088425
1175,3.1642623
1176,2.8845527
1177,3.3606079
1178,2.9893138
1179,2.9376662
1180,3.4929965
1181,3.0878365
1182,2.695144
1183,3.3249629
1184,3.247319
1185,3.3109064
1186,3.3361592
1187,3.0776868
1188,2.9165614
1189,3.4175625
1190,2.8560662
1191,3.057679
1192,3.3606079
1193,3.3201125
1194,3.195135
1195,3.0291288
1196,3.4929965
1197,3.0878365
1198,2.8243425
1199,3.3786833
1200,2.974224
1201,3.2187226
1202,3.2650177
1203,2.6915936
1204,3.2946057
1205,3.1968446
1206,2.969969
1207,2.648491
1208,3.3511627
1209,3.1048684
1210,3.0605896
1211,3.2777605
1212,3.1650224
1213,2.7700727
1214,3.0450673
1215,2.898059
1216,3.2306235
1217,3.3729308
1218,3.0421162
1219,3.0386007
1220,3.3786833
1221,3.1157432
1222,3.2650177
1223,3.2034497
1224,3.3086593
1225,3.4006689
1226,3.0450673
1227,3.2946057
1228,2.9421537
1229,3.2306235
1230,3.3729308
1231,3.1650224
1232,3.0386007
1233,2.7396622
1234,3.0156648
1235,3.2952378
1236,3.351136
1237,3.054637
1238,2.8951616
1239,3.353713
1240,2.5548792
1241,2.7609715
1242,2.9267392
1243,3.2782087
1244,3.436787
1245,2.92928
1246,2.813339
1247,3.054637
1248,3.353713
1249,3.237336
1250,3.0992472
1251,3.3706424
1252,2.5548792
1253,3.2610433
1254,2.7609715
1255,2.7513201
1256,2.872806
1257,3.2782087
1258,3.065397
1259,2.9349532
1260,3.436787
1261,2.92928
1262,2.7554762
1263,2.5548792
1264,2.7892323
1265,2.7513201
1266,3.436787
1267,2.813339
1268,3.054637
1269,3.436787
1270,2.7513201
1271,3.2280402
1272,3.1933546
1273,3.0664022
1274,3.0465467
1275,3.334072
1276,2.6901398
1277,3.0530956
1278,3.0814548
1279,3.0814548
1280,3.0530956
1281,2.957997
1282,3.1131766
1283,3.1131766
1284,3.2009428
1285,3.1096241
1286,2.8592641
1287,2.957997
1288,3.2009428
1289,2.6903944
1290,2.694633
1291,3.0938163
1292,3.2009428
1293,2.5296361
1294,3.2009428
1295,3.0506217
1296,2.7157934
1297,2.6668196
1298,2.6668196
1299,2.6668196
1300,3.0080068
1301,2.5888073
1302,2.6903944
1303,2.8777053
1304,3.0566554
1305,2.9724765
1306,3.379937
1307,3.237336
1308,2.7540164
1309,3.3607688
1310,2.6360872
1311,3.2610433
1312,2.8995621
1313,3.1666377
1314,3.0803602
1315,3.0057888
1316,2.9215078
1317,3.246013
1318,3.1342692
1319,2.8563552
1320,3.216012
1321,2.9632251
1322,3.333226
1323,3.2550144
1324,3.0597978
1325,2.740988
1326,3.051813
1327,3.2014515
1328,2.987309
1329,2.9573157
1330,2.9938176
1331,3.049588
1332,2.8634777
1333,3.0187328
1334,2.944452
1335,2.817581
1336,3.1346161
1337,2.9804914
1338,3.2222452
1339,2.8563552
1340,3.333226
1341,2.7327318
1342,2.719571
1343,3.2550144
1344,2.740988
1345,2.944452
1346,3.1346161
1347,2.9804914
1348,2.987309
1349,2.9573157
1350,3.2222452
1351,3.049588
1352,2.8777053
1353,2.8995621
1354,3.2610433
1355,3.379937
1356,2.993426
1357,2.993426
1358,3.1889298
1359,3.0232432
1360,3.0432682
1361,3.2590659
1362,3.4659593
1363,3.7877643
1364,2.9314458
1365,3.2463548
1366,2.6668196
1367,3.2935758
1368,3.2828321
1369,3.0341163
1370,3.1831827
1371,3.2954233
1372,3.4433482
1373,3.3563077
1374,2.9314458
1375,2.9436343
1376,2.9454129
1377,3.0997682
1378,3.4433482
1379,2.9314458
1380,3.2935758
1381,2.9454129
1382,3.2463548
1383,3.2935758
1384,3.113316
1385,3.0898447
1386,3.2180402
1387,2.9454129
1388,2.5728273
1389,3.2817268
1390,3.2111964
1391,3.7877643
1392,3.242604
1393,3.3839548
1394,2.8055785
1395,2.8118763
1396,2.8534572
1397,3.0503867
1398,2.7769506
1399,3.3190975
1400,2.7823637
1401,3.3376603
1402,3.351863
1403,2.5421982
1404,2.841741
1405,2.2206979
1406,3.053914
1407,2.8534572
1408,3.0503867
1409,3.1674044
1410,3.1957672
1411,3.3190975
1412,2.988065
1413,2.7823637
1414,3.351863
1415,2.5421982
1416,2.8312755
1417,3.1999974
1418,2.841741
1419,3.332445
1420,3.1675584
1421,2.7127836
1422,3.2838066
1423,3.531488
1424,2.6429725
1425,3.09775
1426,3.0057888
1427,3.1790385
1428,3.1941552
1429,3.327089
1430,3.4010575
1431,2.894851
1432,2.8196166
1433,3.4255683
1434,2.5122247
1435,3.3810503
1436,3.28496
1437,2.6422694
1438,2.9575791
1439,3.3737948
1440,3.3818316
1441,3.0975378
1442,3.0100887
1443,3.4169557
1444,2.7970724
1445,2.515704
1446,2.8196166
1447,3.4255683
1448,3.3810503
1449,2.6687436
1450,3.28496
1451,2.9049225
1452,2.6422694
1453,2.8339639
1454,2.9575791
1455,3.0100887
1456,3.4169557
1457,2.8290112
1458,3.380821
1459,3.2219026
1460,3.3324711
1461,2.5122247
1462,2.6687436
1463,2.9049225
1464,3.2219026
1465,2.6422694
1466,3.372186
1467,3.4169557
1468,3.156351
1469,2.515704
1470,2.8196166
1471,3.4255683
1472,3.3810503
1473,3.28496
1474,3.0057888
1475,2.8339639
1476,2.9049225
1477,2.6422694
1478,2.6668196
1479,3.3737948
1480,2.7588913
1481,3.0100887
1482,2.3512096
1483,2.6687436
1484,2.9575791
1485,2.6890917
1486,3.0382
1487,2.7970724
1488,2.8290112
1489,2.8196166
1490,3.4173698
1491,2.5122247
1492,2.6422694
1493,3.380821
1494,3.4169557
1495,3.5272021
1496,3.2059286
1497,2.7273252
1498,3.1629117
1499,3.2009428
1500,3.0057888
1501,2.9947445
1502,3.0831673
1503,3.0057888
1504,2.8299787
1505,2.957997
1506,2.957997
1507,3.0193286
1508,2.6387868
1509,3.2009428
1510,2.957997
1511,2.7961354
1512,2.8782303
1513,3.0057888
1514,3.0506217
1515,2.9106476
1516,2.957997
1517,2.957997
1518,2.8435016
1519,2.887795
1520,2.6668196
1521,2.957997
1522,2.6668196
1523,3.0057888
1524,2.6668196
1525,3.0057888
1526,2.6668196
1527,3.230333
1528,3.0057888
1529,3.0057888
1530,3.0405314
1531,3.0577912
1532,3.0243773
1533,3.5166914
1534,3.1454117
1535,3.0245621
1536,3.333226
1537,3.4772918
1538,2.699787
1539,3.2597172
1540,2.8867862
1541,3.2048516
1542,2.852738
1543,3.027817
1544,2.794492
1545,2.794492
1546,3.1777139
1547,3.3616652
1548,2.9898493
1549,3.2406979
1550,2.639314
1551,3.07438
1552,2.6055336
1553,3.2569394
1554,3.1813831
1555,2.85867
1556,2.600774
1557,3.292115
1558,2.9372125
1559,3.0217376
1560,2.9977372
1561,3.1014285
1562,2.8499188
1563,2.8581774
1564,2.9994845
1565,3.091221
1566,2.7901332
1567,2.5662825
1568,3.1151733
1569,2.7618566
1570,2.9880161
1571,2.794492
1572,3.1772425
1573,2.8843894
1574,3.3616652
1575,2.639314
1576,2.6055336
1577,3.2569394
1578,3.1813831
1579,2.85867
1580,2.600774
1581,3.292115
1582,3.0217376
1583,3.1014285
1584,2.8499188
1585,2.8581774
1586,2.9994845
1587,3.091221
1588,2.7901332
1589,2.5662825
1590,2.8436582
1591,3.1151733
1592,2.7618566
1593,2.9880161
1594,2.53094
1595,2.794492
1596,2.9445333
1597,3.1777139
1598,3.0082936
1599,3.3616652
1600,2.9898493
1601,3.2406979
1602,3.07438
1603,2.6055336
1604,3.2569394
1605,3.1813831
1606,2.600774
1607,3.292115
1608,3.0217376
1609,3.1014285
1610,2.8499188
1611,2.8581774
1612,2.9994845
1613,3.091221
1614,2.5662825
1615,2.8436582
1616,3.1151733
1617,2.7618566
1618,2.9880161
1619,2.8943586
1620,3.1020389
1621,3.4431052
1622,2.59599
1623,2.559939
1624,3.1101804
1625,2.6800091
1626,2.7970724
1627,2.8755314
1628,3.3769872
1629,2.8961995
1630,2.4445047
1631,3.1509943
1632,3.0560055
1633,3.1908588
1634,2.943265
1635,2.7532966
1636,3.4431052
1637,2.559939
1638,3.1101804
1639,2.8294194
1640,2.6800091
1641,2.831891
1642,3.0586374
1643,3.1509943
1644,2.824474
1645,2.8430526
1646,2.8943586
1647,3.4431052
1648,2.403461
1649,3.3487341
1650,3.2546043
1651,2.543629
1652,3.2550144
1653,3.236272
1654,3.149136
1655,3.2047913
1656,3.2968163
1657,3.0903
1658,3.101196
1659,2.9994845
1660,3.466456
1661,3.2047913
1662,2.543629
1663,2.7043798
1664,3.3487341
1665,3.2546043
1666,3.236272
1667,2.543629
1668,3.2550144
1669,2.7043798
1670,3.2047913
1671,3.101196
1672,3.466456
1673,3.0528178
1674,2.9638836
1675,3.3424551
1676,3.0992472
1677,3.3607688
1678,2.7158916
1679,3.2610433
1680,2.7532315
1681,3.175386
1682,3.4376585
1683,3.0331933
1684,3.3121457
1685,3.254615
1686,3.0900042
1687,3.1025667
1688,3.011042
1689,3.3189533
1690,3.3404212
1691,3.2596834
1692,3.1689284
1693,3.0274732
1694,3.0331933
1695,3.3121457
1696,3.254615
1697,3.2647052
1698,3.291761
1699,3.0900042
1700,2.988366
1701,3.3189533
1702,3.3404212
1703,3.1003141
1704,3.0566554
1705,3.379937
1706,3.2610433
1707,3.264776
1708,3.1666377
1709,3.1315424
1710,2.9878244
1711,2.5960655
1712,2.5634503
1713,2.705027
1714,3.0080068
1715,3.2009428
1716,2.7132168
