customer_id,total_trxs,total_trx_value,total_commissions,avg_commission,avg_trx_value,approved_trxs,declined_trxs
cust_464,37,42302822,776180,20977.837837837837,1143319.5135135136,36,1
cust_458,32,41126495,754600,23581.25,1285202.96875,32,0
cust_174,30,39863881,731432,24381.066666666666,1328796.0333333334,25,5
cust_129,31,38654540,709240,22878.709677419356,1246920.6451612904,29,2
cust_167,29,37694914,691634,23849.44827586207,1299824.6206896552,28,1
cust_139,29,37506653,688180,23730.344827586207,1293332.8620689656,28,1
cust_582,29,37073046,680222,23455.931034482757,1278380.896551724,28,1
cust_394,26,37046952,679749,26144.19230769231,1424882.7692307692,25,1
cust_23,30,36976438,678451,22615.033333333333,1232547.9333333333,29,1
cust_375,33,36710767,673578,20411.454545454544,1112447.4848484849,32,1
cust_320,30,35844052,657673,21922.433333333334,1194801.7333333334,29,1
cust_297,30,35792721,656731,21891.033333333333,1193090.7,28,2
cust_955,33,35639594,653923,19815.848484848484,1079987.696969697,33,0
cust_463,32,35604714,653284,20415.125,1112647.3125,31,1
cust_691,28,35465111,650724,23240.14285714286,1266611.107142857,27,1
cust_296,29,35246525,646712,22300.41379310345,1215397.4137931035,29,0
cust_883,25,35093808,643913,25756.52,1403752.32,24,1
cust_326,25,35072679,643523,25740.92,1402907.16,22,3
cust_323,25,34843498,639319,25572.76,1393739.92,25,0
cust_974,30,34469568,632453,21081.766666666666,1148985.6,29,1
cust_567,32,34427687,631685,19740.15625,1075865.21875,29,3
cust_175,28,34169903,626960,22391.428571428572,1220353.6785714286,28,0
cust_702,30,34122121,626078,20869.266666666666,1137404.0333333334,30,0
cust_997,28,34095569,625593,22342.60714285714,1217698.892857143,26,2
cust_494,32,34037894,624530,19516.5625,1063684.1875,30,2
cust_280,28,34001848,623868,22281.0,1214351.7142857143,25,3
cust_995,25,33931272,622580,24903.2,1357250.88,22,3
cust_779,24,33777060,619750,25822.916666666668,1407377.5,23,1
cust_439,27,33716255,618632,22912.296296296296,1248750.1851851852,26,1
cust_812,27,33603152,616560,22835.555555555555,1244561.1851851852,27,0
cust_151,25,33457525,613886,24555.44,1338301.0,24,1
cust_154,28,33321961,611398,21835.64285714286,1190070.0357142857,26,2
cust_71,29,33291824,610844,21063.58620689655,1147993.9310344828,27,2
cust_769,25,33167771,608570,24342.8,1326710.84,24,1
cust_251,29,33166653,608549,20984.44827586207,1143677.6896551724,28,1
cust_703,27,33151049,608265,22528.333333333332,1227816.6296296297,26,1
cust_579,28,33126045,607805,21707.321428571428,1183073.0357142857,27,1
cust_662,30,33009232,605658,20188.6,1100307.7333333334,25,5
cust_130,24,32999693,605489,25228.708333333332,1374987.2083333333,24,0
cust_148,24,32998811,605474,25228.083333333332,1374950.4583333333,24,0
cust_735,27,32955431,604673,22395.296296296296,1220571.5185185184,27,0
cust_423,26,32953108,604634,23255.153846153848,1267427.2307692308,23,3
cust_543,26,32814033,602081,23156.96153846154,1262078.1923076923,24,2
cust_660,27,32780137,601458,22276.222222222223,1214079.148148148,26,1
cust_102,25,32742605,600769,24030.76,1309704.2,23,2
cust_852,37,32714075,600242,16222.756756756757,884164.1891891892,33,4
cust_729,26,32707068,600119,23081.5,1257964.1538461538,25,1
cust_207,24,32705289,600084,25003.5,1362720.375,22,2
cust_197,29,32641478,598911,20652.103448275862,1125568.2068965517,29,0
cust_48,28,32546150,597164,21327.285714285714,1162362.5,26,2
cust_253,27,32494072,596207,22081.74074074074,1203484.148148148,26,1
cust_642,28,32435271,595130,21254.64285714286,1158402.5357142857,26,2
cust_161,23,32423620,594917,25865.956521739132,1409722.608695652,23,0
cust_556,22,32362298,593795,26990.68181818182,1471013.5454545454,20,2
cust_899,28,32348064,593531,21197.535714285714,1155288.0,23,5
cust_9,29,32256198,591842,20408.344827586207,1112282.6896551724,28,1
cust_783,23,32236560,591487,25716.82608695652,1401589.5652173914,21,2
cust_111,23,32124270,589427,25627.260869565216,1396707.391304348,23,0
cust_650,27,32098952,588958,21813.25925925926,1188850.0740740742,26,1
cust_119,24,32060497,588255,24510.625,1335854.0416666667,23,1
cust_61,27,32041977,587913,21774.555555555555,1186739.888888889,26,1
cust_166,26,32024324,587590,22599.615384615383,1231704.7692307692,26,0
cust_893,28,31948423,586197,20935.60714285714,1141015.107142857,27,1
cust_74,31,31944592,586127,18907.322580645163,1030470.7096774194,30,1
cust_224,22,31930777,585876,26630.727272727272,1451398.9545454546,21,1
cust_426,24,31927513,585815,24408.958333333332,1330313.0416666667,23,1
cust_558,28,31838269,584177,20863.464285714286,1137081.0357142857,26,2
cust_179,25,31797620,583431,23337.24,1271904.8,24,1
cust_169,24,31767267,582872,24286.333333333332,1323636.125,23,1
cust_697,27,31748336,582525,21575.0,1175864.2962962964,26,1
cust_351,21,31586149,579551,27597.666666666668,1504102.3333333333,21,0
cust_872,34,31338111,574994,16911.58823529412,921709.1470588235,33,1
cust_218,29,31329459,574838,19822.0,1080326.1724137932,29,0
cust_91,24,31321425,574692,23945.5,1305059.375,21,3
cust_389,28,31220976,572848,20458.85714285714,1115034.857142857,25,3
cust_276,28,31208271,572617,20450.60714285714,1114581.107142857,26,2
cust_457,26,31190110,572283,22010.884615384617,1199619.6153846155,26,0
cust_390,30,31071600,570106,19003.533333333333,1035720.0,28,2
cust_770,32,31012054,569014,17781.6875,969126.6875,30,2
cust_416,27,30894102,566852,20994.51851851852,1144226.0,24,3
cust_645,27,30793770,565010,20926.296296296296,1140510.0,25,2
cust_980,28,30787065,564886,20174.5,1099538.0357142857,27,1
cust_488,30,30765328,564491,18816.366666666665,1025510.9333333333,30,0
cust_834,30,30732019,563877,18795.9,1024400.6333333333,28,2
cust_726,32,30662584,562599,17581.21875,958205.75,29,3
cust_830,30,30653117,562426,18747.533333333333,1021770.5666666667,28,2
cust_471,25,30635470,562109,22484.36,1225418.8,24,1
cust_473,22,30613457,561704,25532.0,1391520.7727272727,22,0
cust_615,26,30532921,560225,21547.115384615383,1174343.1153846155,25,1
cust_799,28,30530770,560182,20006.5,1090384.642857143,26,2
cust_485,30,30502148,559659,18655.3,1016738.2666666667,28,2
cust_711,23,30395814,557708,24248.17391304348,1321557.1304347827,21,2
cust_83,27,30281702,555613,20578.25925925926,1121544.5185185184,26,1
cust_882,24,30267016,555345,23139.375,1261125.6666666667,23,1
cust_122,27,30242693,554898,20551.777777777777,1120099.7407407407,26,1
cust_240,26,30136499,552951,21267.346153846152,1159096.1153846155,26,0
cust_361,25,29973932,549970,21998.8,1198957.28,24,1
cust_806,26,29921624,549008,21115.69230769231,1150831.6923076923,25,1
cust_517,24,29919185,548963,22873.458333333332,1246632.7083333333,24,0
cust_797,26,29898562,548585,21099.423076923078,1149944.6923076923,25,1
cust_411,24,29829580,547321,22805.041666666668,1242899.1666666667,21,3
cust_761,23,29814417,547045,23784.565217391304,1296279.0,21,2
cust_548,26,29809345,546948,21036.46153846154,1146513.2692307692,26,0
cust_54,30,29760587,546052,18201.733333333334,992019.5666666667,28,2
cust_493,26,29756097,545971,20998.884615384617,1144465.2692307692,25,1
cust_234,25,29746051,545786,21831.44,1189842.04,21,4
cust_68,25,29711779,545160,21806.4,1188471.16,22,3
cust_636,25,29709477,545117,21804.68,1188379.08,25,0
cust_786,23,29684628,544660,23680.869565217392,1290636.0,21,2
cust_381,26,29632222,543700,20911.53846153846,1139700.8461538462,23,3
cust_241,26,29624857,543560,20906.153846153848,1139417.576923077,24,2
cust_452,24,29544334,542088,22587.0,1231013.9166666667,22,2
cust_841,24,29527483,541780,22574.166666666668,1230311.7916666667,24,0
cust_383,23,29509873,541453,23541.434782608696,1283037.956521739,22,1
cust_52,24,29487654,541048,22543.666666666668,1228652.25,21,3
cust_602,25,29477863,540865,21634.6,1179114.52,25,0
cust_165,25,29432442,540032,21601.28,1177297.68,24,1
cust_109,22,29413346,539683,24531.045454545456,1336970.2727272727,17,5
cust_530,25,29348214,538485,21539.4,1173928.56,25,0
cust_442,24,29345244,538434,22434.75,1222718.5,24,0
cust_397,23,29311125,537809,23383.0,1274396.7391304348,19,4
cust_490,21,29306650,537728,25606.095238095237,1395554.761904762,18,3
cust_818,26,29302538,537648,20678.76923076923,1127020.6923076923,23,3
cust_345,25,29282879,537286,21491.44,1171315.16,24,1
cust_773,25,29267008,536999,21479.96,1170680.32,24,1
cust_487,25,29228537,536290,21451.6,1169141.48,25,0
cust_131,27,29215199,536046,19853.555555555555,1082044.4074074074,25,2
cust_934,28,29099202,533917,19068.464285714286,1039257.2142857143,27,1
cust_330,20,29029200,532636,26631.8,1451460.0,20,0
cust_498,23,29017618,532424,23148.869565217392,1261635.5652173914,22,1
cust_393,27,28985567,531831,19697.444444444445,1073539.5185185184,27,0
cust_633,24,28980699,531745,22156.041666666668,1207529.125,23,1
cust_553,22,28976240,531662,24166.454545454544,1317101.8181818181,21,1
cust_429,24,28948669,531157,22131.541666666668,1206194.5416666667,23,1
cust_216,26,28928613,530788,20414.923076923078,1112638.9615384615,26,0
cust_427,26,28868845,529692,20372.76923076923,1110340.1923076923,25,1
cust_430,25,28855166,529441,21177.64,1154206.64,25,0
cust_810,25,28827076,528928,21157.12,1153083.04,25,0
cust_295,22,28824847,528887,24040.31818181818,1310220.3181818181,20,2
cust_392,24,28792755,528297,22012.375,1199698.125,22,2
cust_232,25,28783938,528135,21125.4,1151357.52,25,0
cust_243,26,28736028,527253,20278.96153846154,1105231.8461538462,23,3
cust_6,23,28734657,527231,22923.08695652174,1249332.9130434783,22,1
cust_501,24,28730312,527151,21964.625,1197096.3333333333,23,1
cust_804,20,28683900,526302,26315.1,1434195.0,19,1
cust_150,25,28650105,525677,21027.08,1146004.2,23,2
cust_292,24,28632027,525347,21889.458333333332,1193001.125,22,2
cust_304,23,28514507,523193,22747.521739130436,1239761.1739130435,22,1
cust_221,23,28485201,522652,22724.0,1238487.0,21,2
cust_481,23,28406174,521206,22661.130434782608,1235051.043478261,23,0
cust_976,25,28404770,521178,20847.12,1136190.8,25,0
cust_209,31,28345047,520078,16776.709677419356,914356.3548387097,28,3
cust_854,23,28299925,519252,22576.17391304348,1230431.5217391304,22,1
cust_871,24,28264593,518606,21608.583333333332,1177691.375,23,1
cust_539,25,28211212,517624,20704.96,1128448.48,24,1
cust_767,24,28167243,516818,21534.083333333332,1173635.125,24,0
cust_183,21,28165048,516782,24608.666666666668,1341192.761904762,20,1
cust_712,26,28124358,516032,19847.384615384617,1081706.076923077,26,0
cust_279,23,28053001,514723,22379.260869565216,1219695.6956521738,20,3
cust_254,24,28034141,514377,21432.375,1168089.2083333333,24,0
cust_177,23,27971864,513234,22314.521739130436,1216168.0,22,1
cust_825,22,27912218,512140,23279.090909090908,1268737.1818181819,21,1
cust_616,26,27910539,512108,19696.46153846154,1073482.2692307692,24,2
cust_229,21,27897118,511862,24374.380952380954,1328434.1904761905,21,0
cust_524,34,27844344,510888,15026.117647058823,818951.2941176471,33,1
cust_545,25,27805583,510181,20407.24,1112223.32,24,1
cust_73,22,27770837,509546,23161.18181818182,1262310.7727272727,22,0
cust_714,26,27765669,509448,19594.153846153848,1067910.3461538462,23,3
cust_514,25,27762433,509393,20375.72,1110497.32,25,0
cust_450,25,27734148,508873,20354.92,1109365.92,23,2
cust_977,23,27692442,508107,22091.608695652172,1204019.2173913044,23,0
cust_261,23,27670171,507699,22073.869565217392,1203050.9130434783,20,3
cust_495,24,27662834,507563,21148.458333333332,1152618.0833333333,24,0
cust_336,25,27597522,506366,20254.64,1103900.88,24,1
cust_943,19,27570958,505880,26625.263157894737,1451103.0526315789,17,2
cust_540,25,27569673,505854,20234.16,1102786.92,23,2
cust_715,24,27544356,505387,21057.791666666668,1147681.5,23,1
cust_972,23,27519041,504923,21953.17391304348,1196480.043478261,23,0
cust_944,23,27498680,504552,21937.043478260868,1195594.7826086956,22,1
cust_417,20,27487485,504347,25217.35,1374374.25,19,1
cust_41,26,27482802,504260,19394.615384615383,1057030.8461538462,24,2
cust_324,20,27436109,503405,25170.25,1371805.45,20,0
cust_414,26,27427906,503252,19355.846153846152,1054919.4615384615,26,0
cust_987,22,27411080,502943,22861.045454545456,1245958.1818181819,22,0
cust_478,25,27362268,502052,20082.08,1094490.72,24,1
cust_145,22,27324847,501362,22789.18181818182,1242038.5,22,0
cust_557,25,27323918,501344,20053.76,1092956.72,21,4
cust_44,26,27319480,501263,19279.346153846152,1050749.2307692308,26,0
cust_937,24,27305938,501014,20875.583333333332,1137747.4166666667,24,0
cust_766,21,27288034,500688,23842.285714285714,1299430.1904761905,20,1
cust_10,22,27285026,500634,22756.090909090908,1240228.4545454546,22,0
cust_928,28,27262547,500219,17864.964285714286,973662.3928571428,26,2
cust_680,23,27251664,500021,21740.043478260868,1184854.956521739,21,2
cust_677,22,27171482,498546,22661.18181818182,1235067.3636363635,21,1
cust_289,20,27139869,497971,24898.55,1356993.45,20,0
cust_223,26,27119891,497602,19138.53846153846,1043072.7307692308,25,1
cust_627,21,27118315,497573,23693.95238095238,1291348.3333333333,21,0
cust_82,20,27088841,497032,24851.6,1354442.05,18,2
cust_580,24,27031757,495982,20665.916666666668,1126323.2083333333,24,0
cust_59,24,27021792,495801,20658.375,1125908.0,23,1
cust_575,21,26992263,495259,23583.761904761905,1285345.857142857,21,0
cust_460,23,26985825,495142,21527.91304347826,1173296.7391304348,22,1
cust_118,22,26970083,494854,22493.363636363636,1225912.8636363635,22,0
cust_20,19,26901239,493593,25978.57894736842,1415854.6842105263,17,2
cust_654,25,26894042,493457,19738.28,1075761.68,24,1
cust_132,24,26891120,493402,20558.416666666668,1120463.3333333333,24,0
cust_62,24,26876003,493126,20546.916666666668,1119833.4583333333,21,3
cust_754,19,26839292,492455,25918.684210526317,1412594.3157894737,19,0
cust_957,20,26831415,492309,24615.45,1341570.75,20,0
cust_935,21,26812717,491964,23426.85714285714,1276796.0476190476,21,0
cust_910,25,26805763,491837,19673.48,1072230.52,24,1
cust_371,26,26722435,490307,18857.96153846154,1027785.9615384615,24,2
cust_652,23,26720784,490276,21316.347826086956,1161773.2173913044,23,0
cust_17,23,26658574,489135,21266.739130434784,1159068.4347826086,23,0
cust_815,22,26656062,489092,22231.454545454544,1211639.1818181819,21,1
cust_576,22,26646703,488919,22223.590909090908,1211213.7727272727,22,0
cust_692,25,26630972,488632,19545.28,1065238.88,23,2
cust_644,25,26570266,487514,19500.56,1062810.64,22,3
cust_217,25,26569216,487496,19499.84,1062768.64,24,1
cust_596,20,26546471,487079,24353.95,1327323.55,17,3
cust_845,24,26544451,487042,20293.416666666668,1106018.7916666667,22,2
cust_173,19,26533239,486838,25623.052631578947,1396486.2631578948,17,2
cust_479,24,26517863,486555,20273.125,1104910.9583333333,23,1
cust_924,23,26497525,486181,21138.304347826088,1152066.3043478262,22,1
cust_170,23,26490726,486058,21132.956521739132,1151770.6956521738,22,1
cust_879,21,26481404,485888,23137.52380952381,1261019.238095238,20,1
cust_268,23,26440658,485138,21092.956521739132,1149593.8260869565,21,2
cust_339,25,26438477,485098,19403.92,1057539.08,23,2
cust_178,23,26413889,484645,21071.521739130436,1148429.956521739,23,0
cust_794,21,26408405,484546,23073.619047619046,1257543.0952380951,20,1
cust_47,24,26406602,484513,20188.041666666668,1100275.0833333333,24,0
cust_587,21,26366348,483776,23036.95238095238,1255540.380952381,20,1
cust_374,22,26321460,482950,21952.272727272728,1196430.0,19,3
cust_791,25,26319740,482918,19316.72,1052789.6,25,0
cust_75,23,26319283,482909,20996.043478260868,1144316.652173913,21,2
cust_321,21,26299403,482548,22978.47619047619,1252352.5238095238,21,0
cust_647,24,26245772,481563,20065.125,1093573.8333333333,24,0
cust_377,26,26241288,481482,18518.53846153846,1009280.3076923077,25,1
cust_600,22,26224011,481162,21871.0,1192000.5,20,2
cust_90,22,26193529,480606,21845.727272727272,1190614.9545454546,22,0
cust_733,28,26190527,480544,17162.285714285714,935375.9642857143,28,0
cust_288,22,26180097,480360,21834.545454545456,1190004.4090909092,21,1
cust_99,23,26171258,480196,20878.08695652174,1137880.7826086956,23,0
cust_508,27,26079923,478517,17722.85185185185,965923.074074074,27,0
cust_315,21,26073016,478395,22780.714285714286,1241572.1904761905,19,2
cust_826,22,26060366,478158,21734.454545454544,1184562.0909090908,21,1
cust_911,24,26040554,477796,19908.166666666668,1085023.0833333333,21,3
cust_838,23,26005575,477154,20745.82608695652,1130677.1739130435,21,2
cust_774,21,26000737,477067,22717.47619047619,1238130.3333333333,19,2
cust_379,20,25972986,476558,23827.9,1298649.3,19,1
cust_409,23,25956367,476252,20706.608695652172,1128537.6956521738,21,2
cust_1000,25,25928243,475735,19029.4,1037129.72,25,0
cust_188,26,25917709,475541,18290.03846153846,996834.9615384615,26,0
cust_753,22,25912199,475443,21611.045454545456,1177827.2272727273,22,0
cust_33,21,25910661,475416,22638.85714285714,1233841.0,21,0
cust_507,23,25888305,475005,20652.391304347828,1125578.4782608696,19,4
cust_284,27,25867780,474626,17578.74074074074,958065.925925926,22,5
cust_31,22,25846683,474243,21556.5,1174849.2272727273,19,3
cust_57,25,25838657,474093,18963.72,1033546.28,22,3
cust_38,26,25812021,473604,18215.53846153846,992770.0384615385,26,0
cust_788,23,25807529,473522,20587.91304347826,1122066.4782608696,23,0
cust_93,25,25780293,473023,18920.92,1031211.72,24,1
cust_820,21,25736247,472214,22486.380952380954,1225535.5714285714,18,3
cust_162,25,25712099,471772,18870.88,1028483.96,22,3
cust_419,26,25650406,470640,18101.53846153846,986554.0769230769,24,2
cust_824,24,25630645,470275,19594.791666666668,1067943.5416666667,21,3
cust_923,22,25563730,469047,21320.31818181818,1161987.7272727273,21,1
cust_816,20,25554821,468888,23444.4,1277741.05,20,0
cust_250,24,25548295,468766,19531.916666666668,1064512.2916666667,23,1
cust_877,21,25536369,468548,22311.809523809523,1216017.5714285714,17,4
cust_128,21,25503460,467942,22282.95238095238,1214450.4761904762,20,1
cust_688,25,25489287,467681,18707.24,1019571.48,23,2
cust_260,21,25465254,467242,22249.619047619046,1212631.142857143,17,4
cust_853,21,25444553,466865,22231.666666666668,1211645.380952381,18,3
cust_984,24,25440099,466778,19449.083333333332,1060004.125,24,0
cust_282,23,25379875,465675,20246.739130434784,1103472.8260869565,23,0
cust_789,23,25367481,465449,20236.91304347826,1102933.956521739,22,1
cust_438,16,25318955,464560,29035.0,1582434.6875,14,2
cust_758,25,25317736,464534,18581.36,1012709.44,25,0
cust_210,19,25290343,464034,24422.842105263157,1331070.6842105263,18,1
cust_407,26,25266865,463601,17830.80769230769,971802.5,26,0
cust_8,23,25252608,463339,20145.17391304348,1097939.4782608696,22,1
cust_544,21,25207415,462510,22024.285714285714,1200353.0952380951,21,0
cust_446,22,25193605,462257,21011.68181818182,1145163.8636363635,22,0
cust_690,22,25177340,461960,20998.18181818182,1144424.5454545454,21,1
cust_700,17,25154725,461547,27149.823529411766,1479689.705882353,16,1
cust_265,23,25154843,461544,20067.130434782608,1093688.8260869565,20,3
cust_884,22,25149251,461445,20974.772727272728,1143147.7727272727,19,3
cust_142,21,25090641,460368,21922.285714285714,1194792.4285714286,21,0
cust_916,24,25082604,460218,19175.75,1045108.5,24,0
cust_666,19,25071063,460009,24211.0,1319529.6315789474,18,1
cust_708,18,25035421,459356,25519.777777777777,1390856.7222222222,18,0
cust_689,21,25035383,459354,21874.0,1192161.0952380951,21,0
cust_590,23,25031158,459275,19968.478260869564,1088311.2173913044,22,1
cust_667,20,25020671,459086,22954.3,1251033.55,19,1
cust_459,31,25011141,458906,14803.41935483871,806811.0,30,1
cust_855,19,24997152,458657,24139.842105263157,1315639.5789473683,17,2
cust_809,19,24976836,458282,24120.105263157893,1314570.3157894737,17,2
cust_402,19,24968663,458132,24112.21052631579,1314140.1578947369,19,0
cust_39,23,24957829,457931,19910.043478260868,1085123.0,23,0
cust_529,22,24940478,457615,20800.68181818182,1133658.0909090908,19,3
cust_28,24,24937780,457560,19065.0,1039074.1666666666,24,0
cust_50,21,24927463,457376,21779.809523809523,1187022.0476190476,19,2
cust_551,21,24896924,456813,21753.0,1185567.8095238095,21,0
cust_470,22,24863907,456210,20736.81818181818,1130177.5909090908,20,2
cust_431,24,24855535,456055,19002.291666666668,1035647.2916666666,22,2
cust_505,21,24826324,455521,21691.47619047619,1182205.9047619049,20,1
cust_309,23,24820004,455402,19800.08695652174,1079130.608695652,22,1
cust_693,22,24806825,455160,20689.090909090908,1127582.9545454546,20,2
cust_56,25,24791164,454871,18194.84,991646.56,24,1
cust_528,21,24785221,454764,21655.428571428572,1180248.619047619,19,2
cust_333,23,24770101,454487,19760.304347826088,1076960.9130434783,22,1
cust_432,20,24723107,453625,22681.25,1236155.35,19,1
cust_149,18,24719373,453558,25197.666666666668,1373298.5,17,1
cust_386,23,24712179,453424,19714.08695652174,1074442.5652173914,23,0
cust_192,19,24702743,453255,23855.526315789473,1300144.3684210526,18,1
cust_264,22,24676314,452764,20580.18181818182,1121650.6363636365,21,1
cust_959,23,24640949,452118,19657.304347826088,1071345.608695652,23,0
cust_46,20,24637241,452050,22602.5,1231862.05,15,5
cust_888,22,24619416,451721,20532.772727272728,1119064.3636363635,21,1
cust_803,19,24602000,451404,23758.105263157893,1294842.105263158,18,1
cust_186,22,24599168,451348,20515.81818181818,1118144.0,21,1
cust_246,21,24503222,449589,21409.0,1166820.0952380951,20,1
cust_270,22,24499210,449516,20432.545454545456,1113600.4545454546,21,1
cust_731,23,24498699,449508,19543.82608695652,1065160.8260869565,20,3
cust_516,24,24462043,448833,18701.375,1019251.7916666666,22,2
cust_312,22,24455702,448718,20396.272727272728,1111622.8181818181,20,2
cust_360,24,24442008,448465,18686.041666666668,1018417.0,23,1
cust_634,20,24421282,448086,22404.3,1221064.1,19,1
cust_21,24,24408392,447848,18660.333333333332,1017016.3333333334,22,2
cust_213,22,24398968,447675,20348.863636363636,1109044.0,21,1
cust_962,24,24368910,447124,18630.166666666668,1015371.25,24,0
cust_504,20,24356400,446897,22344.85,1217820.0,19,1
cust_594,19,24353853,446850,23518.42105263158,1281781.7368421052,18,1
cust_606,22,24340182,446596,20299.81818181818,1106371.9090909092,21,1
cust_704,21,24337024,446541,21263.85714285714,1158905.9047619049,20,1
cust_248,23,24336382,446528,19414.260869565216,1058103.5652173914,22,1
cust_981,18,24314193,446123,24784.61111111111,1350788.5,18,0
cust_993,20,24313667,446112,22305.6,1215683.35,18,2
cust_827,21,24311278,446067,21241.285714285714,1157679.9047619049,21,0
cust_864,17,24279369,445486,26205.058823529413,1428198.1764705882,17,0
cust_242,19,24277738,445455,23445.0,1277775.6842105263,18,1
cust_262,21,24273480,445373,21208.238095238095,1155880.0,19,2
cust_311,24,24272465,445353,18556.375,1011352.7083333334,22,2
cust_319,19,24269730,445307,23437.21052631579,1277354.2105263157,18,1
cust_342,23,24265376,445225,19357.608695652172,1055016.347826087,20,3
cust_973,23,24263965,445198,19356.434782608696,1054955.0,23,0
cust_740,22,24216961,444341,20197.31818181818,1100770.9545454546,21,1
cust_721,21,24214083,444285,21156.428571428572,1153051.5714285714,20,1
cust_290,20,24175523,443579,22178.95,1208776.15,20,0
cust_370,16,24169008,443460,27716.25,1510563.0,15,1
cust_255,22,24166226,443406,20154.81818181818,1098464.8181818181,21,1
cust_898,19,24158753,443270,23330.0,1271513.3157894737,18,1
cust_140,19,24140110,442931,23312.157894736843,1270532.105263158,18,1
cust_531,21,24139788,442922,21091.52380952381,1149513.7142857143,21,0
cust_850,22,24121689,442593,20117.863636363636,1096440.4090909092,22,0
cust_546,21,24108770,442352,21064.380952380954,1148036.6666666667,21,0
cust_942,20,24084257,441905,22095.25,1204212.85,19,1
cust_891,24,24070170,441644,18401.833333333332,1002923.75,22,2
cust_743,22,24064756,441545,20070.227272727272,1093852.5454545454,21,1
cust_275,23,24043411,441151,19180.478260869564,1045365.695652174,22,1
cust_929,24,24030687,440917,18371.541666666668,1001278.625,22,2
cust_412,24,23981784,440019,18334.125,999241.0,21,3
cust_895,24,23963853,439690,18320.416666666668,998493.875,22,2
cust_554,21,23875498,438072,20860.571428571428,1136928.4761904762,18,3
cust_398,21,23874376,438053,20859.666666666668,1136875.0476190476,21,0
cust_585,25,23872604,438018,17520.72,954904.16,24,1
cust_608,22,23821582,437083,19867.409090909092,1082799.1818181819,21,1
cust_349,23,23800442,436694,18986.695652173912,1034801.8260869565,22,1
cust_565,20,23738682,435561,21778.05,1186934.1,19,1
cust_723,22,23728979,435385,19790.227272727272,1078589.9545454546,21,1
cust_848,22,23718953,435200,19781.81818181818,1078134.2272727273,21,1
cust_387,25,23645953,433859,17354.36,945838.12,22,3
cust_665,20,23641293,433773,21688.65,1182064.65,18,2
cust_960,20,23625595,433486,21674.3,1181279.75,17,3
cust_673,22,23625281,433480,19703.636363636364,1073876.4090909092,22,0
cust_747,19,23587896,432795,22778.684210526317,1241468.2105263157,19,0
cust_372,20,23581345,432676,21633.8,1179067.25,18,2
cust_994,21,23553641,432168,20579.428571428572,1121601.9523809524,21,0
cust_496,21,23552851,432153,20578.714285714286,1121564.3333333333,19,2
cust_190,20,23543017,431973,21598.65,1177150.85,20,0
cust_875,21,23540941,431936,20568.380952380954,1120997.1904761905,18,3
cust_572,22,23529099,431716,19623.454545454544,1069504.5,21,1
cust_314,23,23504612,431266,18750.695652173912,1021939.6521739131,23,0
cust_272,22,23502846,431233,19601.5,1068311.1818181819,20,2
cust_247,19,23497703,431142,22691.684210526317,1236721.2105263157,19,0
cust_949,19,23490083,431004,22684.42105263158,1236320.1578947369,19,0
cust_51,20,23487538,430954,21547.7,1174376.9,19,1
cust_659,18,23462085,430488,23916.0,1303449.1666666667,16,2
cust_822,19,23448738,430243,22644.36842105263,1234144.105263158,16,3
cust_45,19,23438042,430045,22633.947368421053,1233581.1578947369,19,0
cust_802,22,23430257,429901,19540.954545454544,1065011.6818181819,21,1
cust_961,21,23405903,429454,20450.190476190477,1114566.8095238095,19,2
cust_520,22,23399088,429330,19515.0,1063594.9090909092,20,2
cust_588,21,23395378,429263,20441.095238095237,1114065.619047619,20,1
cust_332,24,23387163,429110,17879.583333333332,974465.125,23,1
cust_750,24,23381848,429013,17875.541666666668,974243.6666666666,21,3
cust_982,21,23363824,428682,20413.428571428572,1112563.0476190476,21,0
cust_560,16,23355187,428528,26783.0,1459699.1875,16,0
cust_951,20,23348423,428402,21420.1,1167421.15,19,1
cust_124,21,23341047,428266,20393.619047619046,1111478.4285714286,21,0
cust_835,20,23338288,428216,21410.8,1166914.4,20,0
cust_515,17,23325548,427983,25175.470588235294,1372091.0588235294,16,1
cust_701,19,23317105,427828,22517.263157894737,1227216.0526315789,19,0
cust_669,18,23310610,427708,23761.555555555555,1295033.888888889,17,1
cust_749,21,23304991,427603,20362.04761904762,1109761.4761904762,21,0
cust_859,19,23273123,427019,22474.684210526317,1224901.2105263157,19,0
cust_101,22,23271478,426987,19408.5,1057794.4545454546,22,0
cust_307,19,23249753,426590,22452.105263157893,1223671.2105263157,18,1
cust_88,21,23243730,426479,20308.52380952381,1106844.2857142857,21,0
cust_581,20,23207815,425821,21291.05,1160390.75,19,1
cust_196,18,23205257,425778,23654.333333333332,1289180.9444444445,18,0
cust_368,17,23185244,425409,25024.058823529413,1363837.8823529412,16,1
cust_672,19,23176568,425248,22381.473684210527,1219819.3684210526,15,4
cust_763,20,23173853,425199,21259.95,1158692.65,19,1
cust_521,20,23162705,424995,21249.75,1158135.25,20,0
cust_921,24,23127618,424349,17681.208333333332,963650.75,24,0
cust_694,19,23060902,423127,22269.842105263157,1213731.6842105263,18,1
cust_441,20,23055106,423021,21151.05,1152755.3,20,0
cust_983,19,23051398,422952,22260.63157894737,1213231.4736842106,18,1
cust_193,20,23048980,422908,21145.4,1152449.0,20,0
cust_108,20,23033111,422617,21130.85,1151655.55,19,1
cust_777,24,22994943,421915,17579.791666666668,958122.625,24,0
cust_281,19,22985470,421744,22197.052631578947,1209761.5789473683,18,1
cust_164,18,22979361,421630,23423.88888888889,1276631.1666666667,16,2
cust_833,20,22968802,421438,21071.9,1148440.1,18,2
cust_902,20,22922123,420579,21028.95,1146106.15,19,1
cust_611,16,22901894,420212,26263.25,1431368.375,16,0
cust_269,25,22890816,420004,16800.16,915632.64,25,0
cust_274,19,22880748,419821,22095.842105263157,1204249.894736842,17,2
cust_518,21,22877444,419760,19988.571428571428,1089402.0952380951,20,1
cust_113,22,22873301,419686,19076.636363636364,1039695.5,20,2
cust_621,18,22859242,419427,23301.5,1269957.888888889,18,0
cust_497,19,22849896,419254,22066.0,1202626.105263158,18,1
cust_403,24,22843251,419132,17463.833333333332,951802.125,23,1
cust_978,19,22837550,419029,22054.157894736843,1201976.3157894737,18,1
cust_856,23,22819520,418695,18204.130434782608,992153.0434782609,21,2
cust_137,19,22803278,418398,22020.947368421053,1200172.5263157894,19,0
cust_619,23,22781068,417988,18173.391304347828,990481.2173913043,23,0
cust_683,21,22767043,417735,19892.14285714286,1084144.9047619049,18,3
cust_563,19,22753167,417479,21972.57894736842,1197535.105263158,18,1
cust_404,21,22744639,417322,19872.47619047619,1083078.0476190476,19,2
cust_870,20,22724303,416948,20847.4,1136215.15,19,1
cust_713,22,22720429,416878,18949.0,1032746.7727272727,20,2
cust_897,22,22692707,416372,18926.0,1031486.6818181818,20,2
cust_365,20,22688002,416284,20814.2,1134400.1,19,1
cust_410,17,22660439,415779,24457.58823529412,1332967.0,16,1
cust_456,17,22653827,415658,24450.470588235294,1332578.0588235294,16,1
cust_746,18,22634769,415308,23072.666666666668,1257487.1666666667,18,0
cust_146,22,22627181,415167,18871.227272727272,1028508.2272727273,20,2
cust_933,22,22610821,414867,18857.590909090908,1027764.5909090909,20,2
cust_901,19,22609645,414844,21833.894736842107,1189981.3157894737,19,0
cust_65,19,22606609,414792,21831.157894736843,1189821.5263157894,19,0
cust_908,23,22603458,414732,18031.82608695652,982759.0434782609,22,1
cust_696,18,22581572,414333,23018.5,1254531.7777777778,17,1
cust_941,21,22576989,414245,19725.95238095238,1075094.7142857143,19,2
cust_136,20,22573989,414191,20709.55,1128699.45,19,1
cust_762,23,22548929,413730,17988.260869565216,980388.2173913043,22,1
cust_968,20,22544090,413644,20682.2,1127204.5,20,0
cust_844,23,22542490,413612,17983.130434782608,980108.2608695652,22,1
cust_325,17,22526554,413323,24313.117647058825,1325091.4117647058,17,0
cust_988,18,22489609,412644,22924.666666666668,1249422.7222222222,16,2
cust_55,24,22487040,412595,17191.458333333332,936960.0,23,1
cust_318,20,22440989,411752,20587.6,1122049.45,19,1
cust_831,20,22430395,411556,20577.8,1121519.75,19,1
cust_454,22,22408688,411159,18689.045454545456,1018576.7272727273,21,1
cust_141,23,22390102,410819,17861.695652173912,973482.695652174,21,2
cust_425,19,22388428,410788,21620.42105263158,1178338.3157894737,17,2
cust_153,19,22379902,410632,21612.21052631579,1177889.5789473683,13,6
cust_790,18,22368109,410414,22800.777777777777,1242672.7222222222,17,1
cust_267,21,22352435,410126,19529.809523809523,1064401.6666666667,18,3
cust_559,17,22343932,409972,24116.0,1314348.9411764706,16,1
cust_640,19,22343288,409959,21576.78947368421,1175962.5263157894,18,1
cust_98,19,22342293,409940,21575.78947368421,1175910.1578947369,18,1
cust_886,22,22340292,409903,18631.954545454544,1015467.8181818182,20,2
cust_793,19,22334277,409794,21568.105263157893,1175488.2631578948,18,1
cust_486,22,22328915,409695,18622.5,1014950.6818181818,22,0
cust_474,18,22323355,409593,22755.166666666668,1240186.388888889,16,2
cust_792,17,22309364,409339,24078.764705882353,1312315.5294117648,17,0
cust_542,17,22308920,409331,24078.29411764706,1312289.4117647058,17,0
cust_341,17,22292191,409023,24060.176470588234,1311305.3529411764,17,0
cust_2,22,22290378,408988,18590.363636363636,1013199.0,21,1
cust_298,21,22278085,408763,19464.904761904763,1060861.1904761905,20,1
cust_629,22,22264254,408506,18568.454545454544,1012011.5454545454,21,1
cust_214,21,22263860,408500,19452.380952380954,1060183.8095238095,21,0
cust_675,24,22263101,408483,17020.125,927629.2083333334,23,1
cust_97,17,22212535,407560,23974.117647058825,1306619.705882353,16,1
cust_123,21,22203465,407394,19399.714285714286,1057307.857142857,20,1
cust_525,21,22202658,407376,19398.85714285714,1057269.4285714286,20,1
cust_904,18,22196034,407258,22625.444444444445,1233113.0,16,2
cust_836,19,22190174,407148,21428.842105263157,1167903.894736842,18,1
cust_347,17,22180430,406974,23939.647058823528,1304731.1764705882,16,1
cust_36,23,22178968,406944,17693.217391304348,964302.9565217391,23,0
cust_730,19,22164376,406675,21403.947368421053,1166546.105263158,19,0
cust_147,17,22130603,406058,23885.764705882353,1301800.1764705882,16,1
cust_678,22,22059041,404741,18397.31818181818,1002683.6818181818,21,1
cust_782,19,22048449,404552,21292.21052631579,1160444.6842105263,19,0
cust_503,19,22042901,404448,21286.736842105263,1160152.6842105263,18,1
cust_301,23,22027758,404168,17572.521739130436,957728.6086956522,23,0
cust_334,20,22007954,403806,20190.3,1100397.7,20,0
cust_222,17,22006607,403781,23751.823529411766,1294506.294117647,16,1
cust_913,17,21999682,403655,23744.41176470588,1294098.9411764706,17,0
cust_208,19,21983540,403359,21229.42105263158,1157028.4210526317,18,1
cust_203,21,21933288,402435,19163.571428571428,1044442.2857142857,21,0
cust_230,19,21920315,402199,21168.36842105263,1153700.7894736843,19,0
cust_380,19,21916506,402128,21164.63157894737,1153500.3157894737,18,1
cust_741,22,21902294,401868,18266.727272727272,995558.8181818182,20,2
cust_152,17,21900542,401838,23637.529411764706,1288267.1764705882,16,1
cust_353,22,21866727,401216,18237.090909090908,993942.1363636364,21,1
cust_686,18,21860152,401094,22283.0,1214452.888888889,18,0
cust_227,24,21857127,401038,16709.916666666668,910713.625,21,3
cust_682,20,21846813,400851,20042.55,1092340.65,18,2
cust_956,21,21827542,400493,19071.095238095237,1039406.7619047619,19,2
cust_698,20,21802202,400030,20001.5,1090110.1,17,3
cust_760,19,21790164,399808,21042.526315789473,1146850.7368421052,16,3
cust_482,17,21756140,399188,23481.647058823528,1279772.9411764706,17,0
cust_40,22,21736866,398834,18128.81818181818,988039.3636363636,21,1
cust_969,21,21723400,398585,18980.238095238095,1034447.619047619,18,3
cust_376,19,21709513,398331,20964.78947368421,1142605.9473684211,17,2
cust_637,21,21691470,397998,18952.285714285714,1032927.1428571428,19,2
cust_912,20,21681882,397823,19891.15,1084094.1,18,2
cust_724,22,21681226,397811,18082.31818181818,985510.2727272727,22,0
cust_103,20,21666940,397546,19877.3,1083347.0,19,1
cust_89,17,21660021,397424,23377.882352941175,1274118.8823529412,14,3
cust_42,20,21647945,397200,19860.0,1082397.25,18,2
cust_447,15,21647411,397193,26479.533333333333,1443160.7333333334,15,0
cust_305,22,21640579,397063,18048.31818181818,983662.6818181818,20,2
cust_369,17,21634275,396949,23349.941176470587,1272604.4117647058,17,0
cust_455,20,21625995,396798,19839.9,1081299.75,20,0
cust_466,19,21597660,396280,20856.842105263157,1136718.9473684211,19,0
cust_561,15,21571611,395802,26386.8,1438107.4,15,0
cust_814,21,21570352,395776,18846.47619047619,1027159.619047619,20,1
cust_593,20,21528249,395004,19750.2,1076412.45,19,1
cust_914,19,21510530,394680,20772.63157894737,1132133.1578947369,18,1
cust_695,16,21506956,394614,24663.375,1344184.75,16,0
cust_385,20,21504308,394565,19728.25,1075215.4,15,5
cust_355,22,21498267,394454,17929.727272727272,977193.9545454546,20,2
cust_811,18,21497686,394443,21913.5,1194315.888888889,16,2
cust_780,18,21474857,394026,21890.333333333332,1193047.611111111,18,0
cust_748,25,21440557,393394,15735.76,857622.28,24,1
cust_195,18,21438284,393355,21853.055555555555,1191015.7777777778,17,1
cust_601,20,21404267,392730,19636.5,1070213.35,19,1
cust_117,23,21403717,392720,17074.782608695652,930596.3913043478,21,2
cust_143,15,21402928,392706,26180.4,1426861.8666666667,12,3
cust_630,18,21396901,392595,21810.833333333332,1188716.7222222222,18,0
cust_220,20,21396251,392583,19629.15,1069812.55,20,0
cust_655,17,21372496,392149,23067.58823529412,1257205.6470588236,16,1
cust_96,22,21371158,392121,17823.68181818182,971416.2727272727,22,0
cust_159,19,21371084,392121,20637.947368421053,1124793.894736842,18,1
cust_996,19,21315735,391105,20584.473684210527,1121880.7894736843,18,1
cust_63,19,21313728,391069,20582.57894736842,1121775.1578947369,18,1
cust_764,18,21293970,390709,21706.055555555555,1182998.3333333333,17,1
cust_612,20,21274189,390340,19517.0,1063709.45,20,0
cust_930,19,21265622,390185,20536.052631578947,1119243.2631578948,18,1
cust_212,20,21236538,389653,19482.65,1061826.9,19,1
cust_843,19,21232883,389586,20504.526315789473,1117520.1578947369,16,3
cust_849,19,21232755,389584,20504.42105263158,1117513.4210526317,18,1
cust_641,21,21219453,389337,18539.85714285714,1010450.1428571428,21,0
cust_926,13,21214838,389257,29942.846153846152,1631910.6153846155,13,0
cust_570,20,21207671,389122,19456.1,1060383.55,18,2
cust_744,20,21199324,388969,19448.45,1059966.2,19,1
cust_805,22,21195468,388896,17677.090909090908,963430.3636363636,21,1
cust_233,19,21177365,388567,20450.894736842107,1114598.1578947369,17,2
cust_653,20,21164775,388333,19416.65,1058238.75,19,1
cust_285,15,21153928,388139,25875.933333333334,1410261.8666666667,15,0
cust_552,21,21151427,388090,18480.47619047619,1007210.8095238095,19,2
cust_86,22,21146217,387994,17636.090909090908,961191.6818181818,21,1
cust_106,16,21139355,387870,24241.875,1321209.6875,15,1
cust_211,18,21131817,387732,21540.666666666668,1173989.8333333333,16,2
cust_595,17,21105156,387243,22779.0,1241479.7647058824,17,0
cust_599,17,21095959,387072,22768.941176470587,1240938.7647058824,16,1
cust_238,18,21080322,386788,21488.222222222223,1171129.0,17,1
cust_472,19,21077046,386725,20353.947368421053,1109318.2105263157,17,2
cust_597,18,21048037,386194,21455.222222222223,1169335.388888889,17,1
cust_469,18,21045756,386153,21452.944444444445,1169208.6666666667,16,2
cust_204,21,21021578,385707,18367.0,1001027.5238095238,20,1
cust_732,21,21018116,385643,18363.95238095238,1000862.6666666666,21,0
cust_574,23,21012044,385532,16762.260869565216,913567.1304347826,22,1
cust_511,20,20947120,384344,19217.2,1047356.0,20,0
cust_16,17,20943657,384280,22604.70588235294,1231979.8235294118,17,0
cust_541,17,20939866,384209,22600.529411764706,1231756.8235294118,16,1
cust_821,24,20934434,384105,16004.375,872268.0833333334,22,2
cust_205,20,20927764,383986,19199.3,1046388.2,20,0
cust_1,19,20926057,383955,20208.157894736843,1101371.4210526317,16,3
cust_906,19,20919827,383840,20202.105263157893,1101043.5263157894,18,1
cust_310,15,20903225,383540,25569.333333333332,1393548.3333333333,15,0
cust_408,18,20876732,383050,21280.555555555555,1159818.4444444445,18,0
cust_966,15,20872448,382974,25531.6,1391496.5333333334,15,0
cust_384,18,20858634,382719,21262.166666666668,1158813.0,16,2
cust_727,20,20855272,382657,19132.85,1042763.6,20,0
cust_604,19,20844384,382457,20129.315789473683,1097072.8421052631,19,0
cust_30,20,20840779,382394,19119.7,1042038.95,19,1
cust_535,17,20830188,382198,22482.235294117647,1225305.1764705882,16,1
cust_584,17,20819381,381997,22470.41176470588,1224669.4705882352,16,1
cust_512,19,20792035,381499,20078.894736842107,1094317.6315789474,19,0
cust_126,21,20785252,381371,18160.52380952381,989773.9047619047,18,3
cust_945,15,20780936,381295,25419.666666666668,1385395.7333333334,15,0
cust_263,20,20771633,381123,19056.15,1038581.65,18,2
cust_257,20,20755247,380821,19041.05,1037762.35,19,1
cust_989,18,20745540,380646,21147.0,1152530.0,18,0
cust_566,18,20740183,380546,21141.444444444445,1152232.388888889,18,0
cust_948,19,20715590,380096,20005.052631578947,1090294.2105263157,19,0
cust_24,18,20708637,379966,21109.222222222223,1150479.8333333333,17,1
cust_306,19,20708298,379959,19997.842105263157,1089910.4210526317,19,0
cust_135,18,20667304,379209,21067.166666666668,1148183.5555555555,18,0
cust_331,15,20661327,379101,25273.4,1377421.8,15,0
cust_938,17,20604404,378055,22238.529411764706,1212023.7647058824,17,0
cust_366,21,20586524,377725,17986.904761904763,980310.6666666666,21,0
cust_807,21,20586228,377717,17986.52380952381,980296.5714285715,20,1
cust_649,21,20583069,377661,17983.85714285714,980146.1428571428,20,1
cust_549,16,20582669,377657,23603.5625,1286416.8125,15,1
cust_245,17,20565885,377346,22196.823529411766,1209757.9411764706,17,0
cust_415,18,20564075,377313,20961.833333333332,1142448.611111111,14,4
cust_329,16,20523944,376576,23536.0,1282746.5,14,2
cust_465,18,20523902,376575,20920.833333333332,1140216.7777777778,17,1
cust_775,18,20513202,376379,20909.944444444445,1139622.3333333333,16,2
cust_155,20,20466120,375515,18775.75,1023306.0,20,0
cust_338,19,20461110,375425,19759.21052631579,1076900.5263157894,18,1
cust_53,17,20436989,374983,22057.823529411766,1202175.8235294118,17,0
cust_286,20,20417605,374628,18731.4,1020880.25,18,2
cust_755,17,20414356,374565,22033.235294117647,1200844.4705882352,17,0
cust_303,20,20379960,373937,18696.85,1018998.0,20,0
cust_679,19,20354132,373461,19655.842105263157,1071270.105263158,18,1
cust_185,16,20318632,372811,23300.6875,1269914.5,15,1
cust_609,21,20316317,372765,17750.714285714286,967443.6666666666,21,0
cust_999,17,20306450,372588,21916.941176470587,1194497.0588235294,17,0
cust_573,21,20298621,372444,17735.428571428572,966601.0,17,4
cust_808,20,20296293,372401,18620.05,1014814.65,19,1
cust_94,14,20294490,372370,26597.85714285714,1449606.4285714286,14,0
cust_357,22,20285426,372199,16918.136363636364,922064.8181818182,21,1
cust_862,22,20281798,372132,16915.090909090908,921899.9090909091,21,1
cust_79,22,20281262,372122,16914.636363636364,921875.5454545454,21,1
cust_348,18,20278058,372065,20670.277777777777,1126558.7777777778,16,2
cust_451,20,20276096,372028,18601.4,1013804.8,18,2
cust_946,18,20261005,371753,20652.944444444445,1125611.388888889,18,0
cust_607,19,20255951,371661,19561.105263157893,1066102.6842105263,19,0
cust_656,19,20255142,371645,19560.263157894737,1066060.105263158,19,0
cust_915,20,20231382,371209,18560.45,1011569.1,20,0
cust_327,18,20203378,370695,20594.166666666668,1122409.888888889,15,3
cust_461,17,20180186,370271,21780.647058823528,1187069.7647058824,14,3
cust_932,18,20166422,370015,20556.38888888889,1120356.7777777778,16,2
cust_725,19,20141198,369554,19450.21052631579,1060063.0526315789,18,1
cust_37,19,20124755,369253,19434.36842105263,1059197.6315789474,18,1
cust_975,18,20122679,369212,20511.777777777777,1117926.611111111,17,1
cust_771,18,20115983,369091,20505.055555555555,1117554.611111111,18,0
cust_613,20,20027380,367466,18373.3,1001369.0,19,1
cust_244,17,20021223,367353,21609.0,1177719.0,16,1
cust_684,16,20005791,367072,22942.0,1250361.9375,15,1
cust_443,21,19998249,366930,17472.85714285714,952297.5714285715,21,0
cust_69,18,19993765,366849,20380.5,1110764.7222222222,18,0
cust_509,15,19990895,366798,24453.2,1332726.3333333333,14,1
cust_7,21,19984254,366673,17460.619047619046,951631.1428571428,20,1
cust_707,20,19978837,366574,18328.7,998941.85,18,2
cust_768,20,19975743,366517,18325.85,998787.15,19,1
cust_865,19,19958080,366194,19273.36842105263,1050425.2631578948,16,3
cust_617,17,19935706,365784,21516.70588235294,1172688.5882352942,17,0
cust_194,19,19931944,365715,19248.157894736843,1049049.6842105263,17,2
cust_112,17,19904555,365213,21483.117647058825,1170856.1764705882,17,0
cust_620,20,19904189,365206,18260.3,995209.45,20,0
cust_492,17,19896376,365062,21474.235294117647,1170375.0588235294,17,0
cust_400,21,19894125,365020,17381.904761904763,947339.2857142857,17,4
cust_817,20,19891929,364980,18249.0,994596.45,19,1
cust_302,16,19884390,364846,22802.875,1242774.375,15,1
cust_239,17,19876479,364698,21452.823529411766,1169204.6470588236,15,2
cust_156,19,19876141,364692,19194.315789473683,1046112.6842105263,18,1
cust_382,16,19874592,364664,22791.5,1242162.0,16,0
cust_889,18,19844649,364114,20228.555555555555,1102480.5,16,2
cust_256,19,19839731,364022,19159.052631578947,1044196.3684210526,19,0
cust_785,23,19835934,363953,15824.04347826087,862431.9130434783,21,2
cust_716,19,19783769,362995,19105.0,1041251.0,18,1
cust_626,15,19782905,362982,24198.8,1318860.3333333333,13,2
cust_851,17,19771037,362762,21338.941176470587,1163002.1764705882,15,2
cust_506,19,19725189,361921,19048.473684210527,1038167.8421052631,18,1
cust_625,17,19722655,361874,21286.70588235294,1160156.1764705882,17,0
cust_632,18,19714039,361717,20095.38888888889,1095224.388888889,18,0
cust_800,18,19679630,361087,20060.38888888889,1093312.7777777778,18,0
cust_736,19,19647171,360491,18973.21052631579,1034061.6315789474,18,1
cust_571,17,19632836,360230,21190.0,1154872.705882353,16,1
cust_373,19,19626610,360113,18953.315789473683,1032979.4736842106,18,1
cust_527,18,19618513,359964,19998.0,1089917.388888889,17,1
cust_813,17,19612813,359862,21168.352941176472,1153694.8823529412,17,0
cust_172,19,19579486,359247,18907.736842105263,1030499.2631578947,18,1
cust_358,18,19576760,359196,19955.333333333332,1087597.7777777778,18,0
cust_964,17,19567352,359025,21119.117647058825,1151020.705882353,17,0
cust_202,17,19566476,359009,21118.176470588234,1150969.1764705882,16,1
cust_291,20,19542292,358567,17928.35,977114.6,19,1
cust_25,18,19526069,358266,19903.666666666668,1084781.611111111,16,2
cust_534,21,19524157,358230,17058.571428571428,929721.7619047619,17,4
cust_395,17,19518293,358124,21066.117647058825,1148134.8823529412,17,0
cust_798,18,19479566,357415,19856.38888888889,1082198.111111111,18,0
cust_837,18,19442291,356732,19818.444444444445,1080127.2777777778,18,0
cust_752,20,19412554,356183,17809.15,970627.7,18,2
cust_484,17,19404414,356038,20943.41176470588,1141436.1176470588,16,1
cust_796,20,19397859,355914,17795.7,969892.95,18,2
cust_922,17,19391556,355801,20929.470588235294,1140679.7647058824,14,3
cust_64,15,19369730,355400,23693.333333333332,1291315.3333333333,15,0
cust_742,16,19363157,355278,22204.875,1210197.3125,15,1
cust_513,15,19358452,355192,23679.466666666667,1290563.4666666666,15,0
cust_564,18,19323789,354558,19697.666666666668,1073543.8333333333,18,0
cust_92,17,19315296,354400,20847.058823529413,1136193.8823529412,15,2
cust_157,15,19272670,353621,23574.733333333334,1284844.6666666667,14,1
cust_550,20,19263634,353453,17672.65,963181.7,20,0
cust_639,20,19261873,353417,17670.85,963093.65,19,1
cust_757,19,19252215,353242,18591.684210526317,1013274.4736842106,19,0
cust_200,20,19250418,353210,17660.5,962520.9,17,3
cust_158,22,19227426,352787,16035.772727272728,873973.9090909091,21,1
cust_413,18,19217160,352600,19588.88888888889,1067620.0,18,0
cust_784,14,19203387,352349,25167.785714285714,1371670.5,13,1
cust_958,15,19188796,352080,23472.0,1279253.0666666667,15,0
cust_406,17,19183633,351985,20705.0,1128449.0,17,0
cust_3,20,19172057,351773,17588.65,958602.85,18,2
cust_873,18,19151875,351402,19522.333333333332,1063993.0555555555,18,0
cust_364,18,19149497,351359,19519.944444444445,1063860.9444444445,17,1
cust_591,26,19103030,350501,13480.807692307691,734731.9230769231,26,0
cust_907,17,19102462,350497,20617.470588235294,1123674.2352941176,16,1
cust_537,18,19097483,350404,19466.88888888889,1060971.2777777778,18,0
cust_468,18,19086315,350199,19455.5,1060350.8333333333,16,2
cust_171,17,19073323,349960,20585.882352941175,1121960.1764705882,16,1
cust_317,13,19071762,349933,26917.923076923078,1467058.6153846155,13,0
cust_610,20,19031564,349195,17459.75,951578.2,18,2
cust_939,17,19008383,348770,20515.882352941175,1118140.1764705882,16,1
cust_26,18,18995274,348529,19362.722222222223,1055293.0,18,0
cust_876,17,18987967,348394,20493.764705882353,1116939.2352941176,17,0
cust_287,21,18982970,348299,16585.666666666668,903950.9523809524,21,0
cust_176,14,18954634,347783,24841.64285714286,1353902.4285714286,12,2
cust_127,19,18953538,347763,18303.315789473683,997554.6315789474,18,1
cust_756,16,18888335,346569,21660.5625,1180520.9375,16,0
cust_661,17,18874368,346311,20371.235294117647,1110256.9411764706,17,0
cust_952,18,18858295,346017,19223.166666666668,1047683.0555555555,17,1
cust_857,18,18856690,345984,19221.333333333332,1047593.8888888889,17,1
cust_228,21,18822008,345349,16445.190476190477,896286.0952380953,18,3
cust_663,18,18814120,345205,19178.055555555555,1045228.8888888889,16,2
cust_917,19,18764453,344293,18120.684210526317,987602.7894736842,18,1
cust_979,22,18745700,343946,15633.90909090909,852077.2727272727,22,0
cust_717,17,18689234,342913,20171.352941176472,1099366.705882353,14,3
cust_605,16,18661887,342411,21400.6875,1166367.9375,16,0
cust_519,12,18661176,342401,28533.416666666668,1555098.0,12,0
cust_578,18,18641319,342034,19001.88888888889,1035628.8333333334,16,2
cust_739,17,18639287,341997,20117.470588235294,1096428.6470588236,16,1
cust_352,17,18637716,341971,20115.941176470587,1096336.2352941176,17,0
cust_491,17,18611959,341493,20087.823529411766,1094821.1176470588,15,2
cust_842,17,18598343,341245,20073.235294117647,1094020.1764705882,16,1
cust_480,15,18594288,341172,22744.8,1239619.2,15,0
cust_226,16,18588018,341057,21316.0625,1161751.125,15,1
cust_970,19,18583271,340969,17945.736842105263,978066.8947368421,19,0
cust_658,15,18579255,340895,22726.333333333332,1238617.0,15,0
cust_963,18,18560861,340556,18919.777777777777,1031158.9444444445,16,2
cust_878,16,18554894,340448,21278.0,1159680.875,15,1
cust_671,20,18544461,340254,17012.7,927223.05,19,1
cust_313,16,18538070,340140,21258.75,1158629.375,15,1
cust_522,18,18483162,339132,18840.666666666668,1026842.3333333334,17,1
cust_462,15,18473727,338959,22597.266666666666,1231581.8,13,2
cust_685,16,18367102,337003,21062.6875,1147943.875,16,0
cust_894,18,18353019,336744,18708.0,1019612.1666666666,17,1
cust_954,18,18313306,336016,18667.555555555555,1017405.8888888889,17,1
cust_78,17,18295745,335693,19746.647058823528,1076220.294117647,17,0
cust_920,15,18295458,335690,22379.333333333332,1219697.2,15,0
cust_249,19,18266154,335150,17639.473684210527,961376.5263157894,17,2
cust_199,16,18251647,334885,20930.3125,1140727.9375,14,2
cust_828,18,18233934,334559,18586.61111111111,1012996.3333333334,17,1
cust_201,18,18217003,334248,18569.333333333332,1012055.7222222222,18,0
cust_532,18,18205809,334043,18557.944444444445,1011433.8333333334,17,1
cust_510,14,18195594,333858,23847.0,1299685.2857142857,14,0
cust_648,17,18159603,333194,19599.647058823528,1068211.9411764706,13,4
cust_266,15,18132200,332693,22179.533333333333,1208813.3333333333,14,1
cust_116,19,18121558,332498,17499.894736842107,953766.2105263158,18,1
cust_681,16,18105005,332193,20762.0625,1131562.8125,14,2
cust_32,15,18083942,331808,22120.533333333333,1205596.1333333333,14,1
cust_699,16,18079806,331732,20733.25,1129987.875,15,1
cust_986,15,18062541,331417,22094.466666666667,1204169.4,14,1
cust_880,16,18032704,330867,20679.1875,1127044.0,14,2
cust_219,22,18030494,330823,15037.40909090909,819567.9090909091,21,1
cust_120,19,18028028,330781,17409.526315789473,948843.5789473684,18,1
cust_85,15,18025405,330734,22048.933333333334,1201693.6666666667,13,2
cust_231,18,18019743,330629,18368.277777777777,1001096.8333333334,17,1
cust_839,18,17985322,329997,18333.166666666668,999184.5555555555,17,1
cust_638,15,17954982,329441,21962.733333333334,1196998.8,15,0
cust_586,18,17938089,329133,18285.166666666668,996560.5,16,2
cust_500,17,17930972,329002,19353.058823529413,1054763.0588235294,15,2
cust_646,19,17930397,328990,17315.263157894737,943705.1052631579,19,0
cust_19,15,17843486,327395,21826.333333333332,1189565.7333333334,14,1
cust_992,21,17838100,327293,15585.380952380952,849433.3333333334,17,4
cust_538,16,17799071,326582,20411.375,1112441.9375,15,1
cust_657,12,17791065,326435,27202.916666666668,1482588.75,10,2
cust_5,15,17784441,326312,21754.133333333335,1185629.4,14,1
cust_676,15,17774017,326121,21741.4,1184934.4666666666,14,1
cust_751,13,17767025,325994,25076.46153846154,1366694.2307692308,13,0
cust_121,16,17732681,325363,20335.1875,1108292.5625,15,1
cust_990,16,17701187,324784,20299.0,1106324.1875,15,1
cust_388,15,17649443,323835,21589.0,1176629.5333333334,15,0
cust_363,22,17625349,323389,14699.5,801152.2272727273,22,0
cust_278,17,17597091,322874,18992.58823529412,1035123.0,16,1
cust_421,15,17588492,322718,21514.533333333333,1172566.1333333333,15,0
cust_206,15,17532107,321684,21445.6,1168807.1333333333,14,1
cust_340,16,17502319,321137,20071.0625,1093894.9375,16,0
cust_890,17,17479704,320720,18865.882352941175,1028217.8823529412,15,2
cust_328,16,17470848,320556,20034.75,1091928.0,13,3
cust_435,15,17465525,320462,21364.133333333335,1164368.3333333333,14,1
cust_29,17,17449015,320157,18832.764705882353,1026412.6470588235,16,1
cust_418,15,17442243,320034,21335.6,1162816.2,13,2
cust_718,15,17427808,319769,21317.933333333334,1161853.8666666667,14,1
cust_555,13,17414189,319521,24578.53846153846,1339553.0,13,0
cust_583,15,17381557,318920,21261.333333333332,1158770.4666666666,14,1
cust_738,18,17336256,318090,17671.666666666668,963125.3333333334,18,0
cust_709,19,17329882,317969,16735.21052631579,912099.052631579,19,0
cust_772,17,17327883,317934,18702.0,1019287.2352941176,17,0
cust_182,19,17327234,317921,16732.684210526317,911959.6842105263,18,1
cust_577,16,17260486,316698,19793.625,1078780.375,16,0
cust_49,15,17258492,316663,21110.866666666665,1150566.1333333333,15,0
cust_631,14,17255881,316614,22615.285714285714,1232562.9285714286,13,1
cust_316,18,17240794,316334,17574.11111111111,957821.8888888889,17,1
cust_277,20,17200817,315602,15780.1,860040.85,19,1
cust_110,22,17162773,314903,14313.772727272728,780126.0454545454,21,1
cust_710,20,17153056,314724,15736.2,857652.8,16,4
cust_299,16,17152078,314710,19669.375,1072004.875,16,0
cust_350,16,17101803,313787,19611.6875,1068862.6875,15,1
cust_947,20,17061545,313045,15652.25,853077.25,18,2
cust_819,17,17045512,312753,18397.235294117647,1002677.1764705882,17,0
cust_12,13,17040205,312657,24050.53846153846,1310785.0,13,0
cust_356,16,17026154,312398,19524.875,1064134.625,14,2
cust_991,17,17009356,312087,18358.058823529413,1000550.3529411765,15,2
cust_965,21,17005261,312016,14857.904761904761,809774.3333333334,20,1
cust_971,17,16995932,311845,18343.823529411766,999760.7058823529,15,2
cust_737,17,16974542,311454,18320.823529411766,998502.4705882353,15,2
cust_881,16,16963895,311257,19453.5625,1060243.4375,16,0
cust_396,17,16962034,311222,18307.176470588234,997766.7058823529,17,0
cust_776,18,16948418,310973,17276.277777777777,941578.7777777778,18,0
cust_18,21,16901307,310104,14766.857142857143,804824.1428571428,21,0
cust_258,13,16865562,309454,23804.153846153848,1297350.923076923,13,0
cust_919,18,16861412,309375,17187.5,936745.1111111111,18,0
cust_399,14,16851222,309190,22085.0,1203658.7142857143,11,3
cust_467,17,16843415,309046,18179.176470588234,990789.1176470588,17,0
cust_477,16,16805696,308354,19272.125,1050356.0,15,1
cust_437,15,16797274,308201,20546.733333333334,1119818.2666666666,15,0
cust_422,20,16779210,307865,15393.25,838960.5,19,1
cust_720,17,16768815,307677,18098.647058823528,986400.8823529412,15,2
cust_547,17,16742763,307197,18070.41176470588,984868.4117647059,17,0
cust_840,20,16741423,307172,15358.6,837071.15,19,1
cust_967,16,16731102,306985,19186.5625,1045693.875,16,0
cust_622,15,16720739,306794,20452.933333333334,1114715.9333333333,14,1
cust_168,15,16716857,306724,20448.266666666666,1114457.1333333333,13,2
cust_614,15,16689209,306217,20414.466666666667,1112613.9333333333,15,0
cust_823,14,16650510,305508,21822.0,1189322.142857143,14,0
cust_294,12,16645923,305425,25452.083333333332,1387160.25,12,0
cust_885,12,16645325,305412,25451.0,1387110.4166666667,12,0
cust_114,14,16554703,303751,21696.5,1182478.7857142857,14,0
cust_105,13,16498203,302712,23285.53846153846,1269092.5384615385,12,1
cust_60,19,16491814,302592,15925.894736842105,867990.2105263158,19,0
cust_918,18,16473606,302260,16792.222222222223,915200.3333333334,16,2
cust_950,17,16473620,302259,17779.941176470587,969036.4705882353,15,2
cust_115,13,16464702,302098,23238.30769230769,1266515.5384615385,13,0
cust_66,20,16453237,301884,15094.2,822661.85,20,0
cust_273,12,16445035,301737,25144.75,1370419.5833333333,11,1
cust_436,13,16438544,301618,23201.384615384617,1264503.3846153845,13,0
cust_674,20,16431755,301491,15074.55,821587.75,19,1
cust_476,15,16413457,301157,20077.133333333335,1094230.4666666666,15,0
cust_67,16,16406861,301035,18814.6875,1025428.8125,16,0
cust_184,14,16404314,300989,21499.214285714286,1171736.7142857143,13,1
cust_536,18,16391002,300746,16708.11111111111,910611.2222222222,18,0
cust_562,13,16372418,300403,23107.923076923078,1259416.7692307692,13,0
cust_664,20,16360660,300184,15009.2,818033.0,18,2
cust_705,18,16334499,299709,16650.5,907472.1666666666,18,0
cust_453,16,16324893,299532,18720.75,1020305.8125,15,1
cust_335,15,16312384,299302,19953.466666666667,1087492.2666666666,14,1
cust_985,15,16266700,298462,19897.466666666667,1084446.6666666667,15,0
cust_391,16,16262257,298381,18648.8125,1016391.0625,16,0
cust_745,18,16261434,298364,16575.777777777777,903413.0,17,1
cust_568,16,16253048,298211,18638.1875,1015815.5,16,0
cust_180,15,16245911,298082,19872.133333333335,1083060.7333333334,14,1
cust_998,16,16222979,297662,18603.875,1013936.1875,16,0
cust_259,17,16197108,297188,17481.647058823528,952771.0588235294,17,0
cust_401,17,16188776,297033,17472.529411764706,952280.9411764706,17,0
cust_846,15,16186660,296996,19799.733333333334,1079110.6666666667,14,1
cust_829,20,16179010,296853,14842.65,808950.5,20,0
cust_860,18,16151557,296350,16463.88888888889,897308.7222222222,18,0
cust_144,18,16125107,295866,16437.0,895839.2777777778,16,2
cust_624,17,16124351,295850,17402.941176470587,948491.2352941176,17,0
cust_569,15,16121040,295792,19719.466666666667,1074736.0,15,0
cust_428,12,16106034,295518,24626.5,1342169.5,11,1
cust_344,15,16068521,294828,19655.2,1071234.7333333334,15,0
cust_869,13,16051122,294511,22654.69230769231,1234701.6923076923,13,0
cust_635,12,16020212,293943,24495.25,1335017.6666666667,11,1
cust_125,16,16009887,293751,18359.4375,1000617.9375,13,3
cust_34,15,15998526,293545,19569.666666666668,1066568.4,14,1
cust_433,18,15992615,293432,16301.777777777777,888478.6111111111,18,0
cust_925,15,15986464,293321,19554.733333333334,1065764.2666666666,13,2
cust_440,15,15929449,292277,19485.133333333335,1061963.2666666666,15,0
cust_58,15,15904674,291823,19454.866666666665,1060311.6,12,3
cust_892,16,15875195,291281,18205.0625,992199.6875,16,0
cust_909,17,15830345,290456,17085.647058823528,931196.7647058824,16,1
cust_405,19,15823275,290326,15280.315789473685,832803.947368421,18,1
cust_107,14,15767580,289306,20664.714285714286,1126255.7142857143,13,1
cust_719,16,15760481,289175,18073.4375,985030.0625,14,2
cust_765,16,15745493,288902,18056.375,984093.3125,13,3
cust_651,15,15717949,288397,19226.466666666667,1047863.2666666667,15,0
cust_434,17,15715455,288349,16961.70588235294,924438.5294117647,15,2
cust_15,14,15712602,288298,20592.714285714286,1122328.7142857143,13,1
cust_896,15,15636997,286911,19127.4,1042466.4666666667,14,1
cust_271,13,15622696,286650,22050.0,1201745.8461538462,13,0
cust_858,15,15609642,286407,19093.8,1040642.8,15,0
cust_100,14,15593024,286104,20436.0,1113787.4285714286,13,1
cust_526,13,15590425,286056,22004.30769230769,1199263.4615384615,13,0
cust_868,13,15588829,286028,22002.153846153848,1199140.6923076923,12,1
cust_592,19,15582125,285901,15047.421052631578,820111.8421052631,15,4
cust_448,14,15423353,282991,20213.64285714286,1101668.0714285714,13,1
cust_237,15,15372617,282060,18804.0,1024841.1333333333,13,2
cust_343,15,15340988,281481,18765.4,1022732.5333333333,13,2
cust_475,15,15322020,281130,18742.0,1021468.0,15,0
cust_283,18,15206352,279006,15500.333333333334,844797.3333333334,17,1
cust_346,17,15186199,278639,16390.529411764706,893305.8235294118,17,0
cust_424,16,15163462,278222,17388.875,947716.375,15,1
cust_322,14,15098937,277038,19788.428571428572,1078495.5,13,1
cust_489,15,15097213,277007,18467.133333333335,1006480.8666666667,15,0
cust_22,16,15025357,275688,17230.5,939084.8125,16,0
cust_4,15,15024974,275681,18378.733333333334,1001664.9333333333,14,1
cust_300,15,15025011,275681,18378.733333333334,1001667.4,15,0
cust_104,15,14909490,273560,18237.333333333332,993966.0,15,0
cust_77,14,14897131,273336,19524.0,1064080.7857142857,13,1
cust_308,16,14861598,272682,17042.625,928849.875,16,0
cust_444,17,14851616,272499,16029.35294117647,873624.4705882353,15,2
cust_187,18,14808800,271714,15095.222222222223,822711.1111111111,15,3
cust_198,17,14789897,271367,15962.764705882353,869993.9411764706,15,2
cust_781,16,14703256,269777,16861.0625,918953.5,16,0
cust_533,15,14690239,269540,17969.333333333332,979349.2666666667,12,3
cust_14,16,14595478,267801,16737.5625,912217.375,16,0
cust_160,12,14585473,267619,22301.583333333332,1215456.0833333333,12,0
cust_900,17,14565398,267247,15720.411764705883,856788.1176470588,16,1
cust_13,15,14464371,265394,17692.933333333334,964291.4,15,0
cust_903,14,14464120,265390,18956.428571428572,1033151.4285714285,12,2
cust_668,14,14411558,264426,18887.571428571428,1029397.0,13,1
cust_181,17,14409067,264379,15551.70588235294,847592.1764705882,16,1
cust_483,16,14384393,263927,16495.4375,899024.5625,14,2
cust_832,13,14346727,263236,20248.923076923078,1103594.3846153845,13,0
cust_72,15,14334699,263016,17534.4,955646.6,15,0
cust_215,15,14326387,262860,17524.0,955092.4666666667,14,1
cust_778,11,14300888,262394,23854.0,1300080.7272727273,10,1
cust_367,12,14294633,262280,21856.666666666668,1191219.4166666667,12,0
cust_795,13,14284917,262102,20161.69230769231,1098839.7692307692,13,0
cust_706,15,14225544,261012,17400.8,948369.6,14,1
cust_670,15,14143442,259506,17300.4,942896.1333333333,15,0
cust_133,14,14143259,259502,18535.85714285714,1010232.7857142857,14,0
cust_134,13,14098003,258673,19897.923076923078,1084461.7692307692,11,2
cust_70,15,14060859,257989,17199.266666666666,937390.6,15,0
cust_81,18,14049819,257786,14321.444444444445,780545.5,15,3
cust_523,15,13980167,256510,17100.666666666668,932011.1333333333,15,0
cust_191,17,13945019,255865,15050.882352941177,820295.2352941176,16,1
cust_499,13,13870020,254490,19576.153846153848,1066924.6153846155,12,1
cust_931,18,13854994,254212,14122.888888888889,769721.8888888889,17,1
cust_728,13,13758287,252441,19418.53846153846,1058329.7692307692,13,0
cust_293,12,13737925,252065,21005.416666666668,1144827.0833333333,12,0
cust_866,12,13731783,251954,20996.166666666668,1144315.25,10,2
cust_43,16,13713346,251612,15725.75,857084.125,15,1
cust_623,16,13706518,251489,15718.0625,856657.375,16,0
cust_80,18,13671087,250835,13935.277777777777,759504.8333333334,16,2
cust_787,13,13640722,250282,19252.46153846154,1049286.3076923077,12,1
cust_643,15,13607315,249668,16644.533333333333,907154.3333333334,14,1
cust_589,13,13541569,248461,19112.384615384617,1041659.1538461539,12,1
cust_87,12,13454972,246874,20572.833333333332,1121247.6666666667,11,1
cust_687,15,13449335,246770,16451.333333333332,896622.3333333334,15,0
cust_722,11,13300941,244048,22186.18181818182,1209176.4545454546,11,0
cust_420,15,13189756,242005,16133.666666666666,879317.0666666667,14,1
cust_628,11,13172666,241694,21972.18181818182,1197515.0909090908,11,0
cust_847,10,13132349,240955,24095.5,1313234.9,10,0
cust_874,15,12931300,237264,15817.6,862086.6666666666,14,1
cust_887,11,12771331,234332,21302.909090909092,1161030.0909090908,11,0
cust_618,14,12769517,234298,16735.571428571428,912108.3571428572,11,3
cust_189,10,12673859,232543,23254.3,1267385.9,10,0
cust_76,10,12648089,232069,23206.9,1264808.9,9,1
cust_940,12,12481126,229007,19083.916666666668,1040093.8333333334,12,0
cust_35,12,12417320,227835,18986.25,1034776.6666666666,10,2
cust_235,11,12393978,227407,20673.363636363636,1126725.2727272727,11,0
cust_598,14,12327492,226187,16156.214285714286,880535.1428571428,14,0
cust_138,14,12187027,223609,15972.07142857143,870501.9285714285,14,0
cust_953,13,12106231,222126,17086.615384615383,931248.5384615385,11,2
cust_27,12,12078062,221610,18467.5,1006505.1666666666,9,3
cust_861,13,11769507,215947,16611.30769230769,905346.6923076923,13,0
cust_449,13,11768811,215934,16610.30769230769,905293.1538461539,13,0
cust_936,12,11696228,214605,17883.75,974685.6666666666,12,0
cust_502,11,11660301,213946,19449.636363636364,1060027.3636363635,11,0
cust_445,15,11653515,213820,14254.666666666666,776901.0,14,1
cust_378,14,11583744,212540,15181.42857142857,827410.2857142857,14,0
cust_11,11,11521798,211405,19218.636363636364,1047436.1818181818,10,1
cust_867,14,11462852,210321,15022.92857142857,818775.1428571428,14,0
cust_362,10,11435899,209828,20982.8,1143589.9,10,0
cust_863,12,11359359,208423,17368.583333333332,946613.25,11,1
cust_163,12,11291529,207178,17264.833333333332,940960.75,8,4
cust_236,11,11047684,202704,18427.636363636364,1004334.9090909091,11,0
cust_905,11,10984280,201541,18321.909090909092,998570.9090909091,10,1
cust_801,13,10732350,196919,15147.615384615385,825565.3846153846,12,1
cust_354,10,10706581,196446,19644.6,1070658.1,10,0
cust_759,10,10659725,195586,19558.6,1065972.5,8,2
cust_225,8,10537348,193341,24167.625,1317168.5,8,0
cust_603,9,10533983,193280,21475.555555555555,1170442.5555555555,9,0
cust_84,12,10479782,192283,16023.583333333334,873315.1666666666,11,1
cust_734,10,9088212,166751,16675.1,908821.2,10,0
cust_337,11,8279592,151914,13810.363636363636,752690.1818181818,11,0
cust_95,10,7777425,142700,14270.0,777742.5,10,0
cust_359,13,7729721,141823,10909.461538461539,594593.9230769231,13,0
cust_927,9,7443061,136565,15173.888888888889,827006.7777777778,9,0
cust_252,7,6079575,111548,15935.42857142857,868510.7142857143,5,2
